CGPA,Aptitude_Score,Quant_Score,Logical_Score,Verbal_Score,Technical_Skills,DSA_Score,DBMS_Score,OS_CN_Score,Communication_Skills,Projects_Count,Internships_Count,Certifications_Count,Backlogs,Branch,Placement_Status
7.65,64.5,60.6,68.2,64.8,99.0,97.0,100.0,100.0,68.5,1,0,2,0,IT,0
7.08,49.3,50.4,46.5,51.0,63.8,72.8,75.4,43.3,65.5,3,2,3,2,CIVIL,0
7.78,45.1,50.2,40.9,44.1,76.0,77.8,80.6,69.5,73.5,1,1,2,0,IT,0
8.57,69.3,80.1,68.3,59.5,55.3,42.3,62.4,61.3,70.1,3,1,1,1,ECE,0
6.99,62.8,67.1,60.9,60.5,48.3,47.1,48.9,48.8,72.8,0,2,3,0,MECH,0
6.99,58.9,48.0,61.7,67.0,21.2,10.3,29.5,23.7,82.3,0,1,0,1,ECE,0
8.62,76.8,78.6,80.3,71.5,63.6,61.5,59.6,69.6,75.3,4,1,1,0,ECE,1
7.89,69.7,66.0,80.5,62.5,43.7,56.6,28.0,46.5,59.6,2,1,3,0,ECE,0
6.78,74.7,74.9,71.5,77.6,47.8,49.4,51.3,42.7,45.2,1,2,4,1,IT,1
7.69,81.4,81.9,85.1,77.3,50.2,63.0,40.2,47.4,87.0,0,0,1,1,MECH,0
6.78,45.4,48.3,39.5,48.4,85.5,93.1,80.0,83.5,58.4,1,1,1,2,CSE,1
6.78,70.2,72.9,70.8,66.8,96.0,87.9,100.0,100.0,54.9,2,0,3,0,MECH,0
7.42,50.7,44.7,50.3,57.0,52.8,38.5,62.7,57.2,35.9,2,2,2,0,ECE,1
5.48,36.3,27.7,31.4,49.8,50.7,53.6,38.0,60.6,67.1,3,1,0,1,MECH,1
5.65,63.4,59.2,62.4,68.6,39.9,37.8,41.6,40.2,64.2,1,3,2,1,CSE,1
6.69,60.8,71.6,56.0,54.7,66.2,58.2,77.6,62.8,39.3,0,1,0,0,MECH,0
6.29,85.6,74.0,82.8,100.0,82.9,73.3,79.0,96.5,68.8,4,0,0,1,CSE,0
7.48,67.9,51.2,76.6,75.8,55.1,48.4,68.5,48.5,54.5,4,1,5,0,EEE,1
6.38,49.9,47.1,53.4,49.2,16.2,17.6,5.0,25.9,100.0,2,2,2,1,IT,1
5.93,93.1,95.4,83.8,100.0,81.4,78.0,92.6,73.5,53.5,2,0,1,2,ECE,0
8.52,84.8,91.7,78.2,84.6,74.0,78.6,72.6,70.8,55.5,2,3,1,0,ECE,0
7.0,76.1,69.4,81.7,77.1,40.6,49.1,34.5,38.3,48.9,1,0,2,0,CSE,0
7.26,70.4,58.5,65.8,86.8,55.1,52.6,44.1,68.5,81.2,0,0,3,0,ECE,1
5.92,59.3,60.8,68.2,48.8,74.2,76.5,67.0,79.2,56.4,5,1,1,0,CSE,1
6.71,56.9,44.8,69.2,56.6,62.9,59.2,61.0,68.4,51.1,2,2,3,1,ECE,0
7.3,82.6,77.1,89.4,81.4,50.2,53.5,45.7,51.5,72.6,3,3,4,0,EEE,0
6.16,91.1,92.9,80.3,100.0,70.2,72.9,71.6,66.0,41.3,1,4,1,0,CSE,1
7.54,84.8,90.2,92.7,71.5,61.7,63.9,43.7,77.6,71.4,1,0,2,0,ECE,0
6.66,50.1,54.1,57.7,38.5,34.8,37.7,46.1,20.7,88.7,1,0,3,0,ECE,1
6.94,46.0,49.6,44.9,43.5,26.2,18.4,25.5,34.7,70.5,2,0,3,0,CSE,0
6.66,55.3,47.1,68.3,50.6,87.9,81.3,96.8,85.7,71.6,3,0,0,1,CIVIL,1
8.87,39.6,35.0,47.8,36.0,64.0,68.1,65.2,58.7,75.1,2,1,2,0,ECE,0
7.19,73.7,73.2,73.5,74.5,61.3,66.4,57.1,60.3,87.6,4,2,3,0,CSE,1
6.25,55.0,55.1,55.9,54.0,51.0,40.7,60.7,51.7,80.1,2,0,2,0,CSE,1
7.94,55.8,58.9,64.4,44.2,49.9,50.7,34.8,64.1,68.6,1,4,1,0,ECE,1
6.1,42.4,46.2,37.6,43.4,36.6,45.7,29.6,34.6,75.6,2,0,2,1,IT,0
7.39,74.7,69.5,73.9,80.8,55.5,53.0,63.6,50.0,48.7,3,1,1,0,CSE,1
5.44,51.5,58.9,55.1,40.6,18.2,37.4,12.2,5.0,73.6,1,2,3,2,CSE,1
6.0,48.2,40.9,46.9,56.8,49.8,55.2,29.3,64.8,46.9,3,0,2,0,ECE,0
7.38,29.0,23.1,30.9,33.0,57.3,54.6,73.4,44.0,56.5,2,1,1,1,ECE,0
7.86,66.7,69.5,56.3,74.2,67.5,72.5,56.4,73.6,15.8,0,1,3,0,CSE,1
7.35,97.0,91.1,100.0,100.0,60.6,62.3,61.2,58.3,68.0,4,4,5,0,ECE,1
7.1,85.8,83.6,73.7,100.0,74.7,77.5,74.2,72.5,52.3,2,0,2,0,CIVIL,1
6.93,56.4,60.4,53.8,55.0,70.2,64.7,54.8,91.0,78.7,1,0,0,0,CIVIL,1
5.87,59.8,62.3,59.5,57.7,81.7,75.0,75.3,94.7,67.9,2,2,1,0,MECH,1
6.55,66.3,55.2,76.2,67.4,65.4,53.2,72.5,70.5,78.9,0,1,3,0,MECH,0
6.79,53.8,60.3,50.2,51.0,67.8,73.0,63.7,66.8,45.7,5,0,3,1,CSE,1
8.15,73.3,66.5,68.8,84.6,47.2,42.7,52.4,46.6,77.6,2,1,2,0,CSE,1
7.51,73.5,79.1,79.0,62.3,74.0,70.6,68.7,82.8,93.6,3,0,2,0,IT,1
5.61,81.9,91.8,80.3,73.6,92.4,97.5,95.7,83.9,73.5,2,1,1,1,ECE,1
7.49,68.2,52.6,74.7,77.4,68.5,70.0,58.9,76.6,73.9,6,0,2,1,MECH,0
6.85,65.9,56.5,68.9,72.3,86.6,81.3,78.5,100.0,64.5,1,1,3,0,CSE,1
6.59,53.1,50.4,59.7,49.1,33.1,33.4,21.1,44.9,54.1,3,0,0,2,IT,0
7.75,51.6,47.2,45.7,62.0,32.2,37.0,25.8,33.8,73.4,1,0,2,0,ECE,0
8.13,67.4,75.7,61.2,65.2,71.5,57.1,84.6,72.9,39.4,2,0,2,0,IT,0
8.04,72.0,63.3,67.7,85.1,57.9,57.6,49.3,66.9,55.7,1,0,0,0,IT,0
6.44,73.8,73.3,69.7,78.5,78.1,80.5,85.1,68.6,35.4,1,1,3,0,CSE,0
6.92,58.7,55.4,56.6,64.0,63.8,58.6,57.1,75.7,51.4,3,0,3,0,CIVIL,1
7.5,86.0,76.3,81.6,100.0,39.9,30.4,44.2,45.1,71.6,2,0,2,2,IT,0
8.08,63.9,58.0,66.4,67.2,65.7,67.9,70.0,59.2,69.6,1,0,1,0,ECE,1
6.77,62.8,67.2,56.1,65.2,30.2,32.9,29.6,28.2,62.8,4,1,2,1,CSE,1
7.03,60.7,51.9,68.3,61.8,38.5,41.2,46.9,27.5,64.6,1,0,3,0,ECE,0
6.2,27.2,30.3,23.9,27.4,76.0,80.5,76.9,70.5,33.7,1,1,2,0,CSE,1
6.12,84.1,73.1,79.1,100.0,72.4,67.0,73.3,77.0,56.4,4,0,2,0,CSE,0
7.93,74.0,63.2,81.7,77.1,77.6,70.7,89.2,72.9,51.8,5,1,3,0,CSE,1
8.42,59.5,63.6,56.5,58.3,25.3,27.1,16.3,32.4,52.1,4,0,2,1,CSE,0
7.14,70.1,80.0,72.8,57.6,56.4,44.9,66.8,57.4,71.0,3,2,1,0,ECE,1
8.1,72.7,72.4,62.4,83.2,42.1,44.9,45.7,35.8,49.1,2,0,1,0,IT,0
7.53,50.5,44.9,54.7,51.8,85.0,94.9,75.2,85.0,52.9,2,1,2,2,MECH,0
6.62,57.8,63.1,57.7,52.6,62.9,57.3,66.4,64.9,30.7,6,2,1,1,CSE,1
7.53,73.1,66.0,71.3,81.9,40.8,50.8,23.1,48.6,57.6,3,2,0,0,CSE,0
8.58,46.2,61.1,45.0,32.4,59.7,55.3,55.3,68.6,45.7,2,2,3,0,MECH,0
7.17,72.4,70.7,75.6,71.0,40.7,33.1,37.0,52.1,63.2,2,2,1,0,CSE,1
8.61,50.3,59.1,41.3,50.5,86.5,100.0,89.3,70.2,47.7,4,2,4,0,CSE,1
5.0,73.3,65.7,65.5,88.6,47.2,68.1,36.4,37.1,63.6,2,1,2,0,CSE,0
7.94,66.2,79.0,62.7,56.8,44.3,51.6,40.5,40.8,59.8,2,0,3,0,MECH,0
7.28,37.1,48.6,33.0,29.6,21.6,20.0,21.5,23.3,87.1,3,0,1,0,MECH,1
6.93,84.7,85.7,95.9,72.4,55.5,47.9,54.7,63.9,69.5,1,2,1,0,IT,0
7.28,49.4,56.6,50.2,41.4,53.8,39.8,54.3,67.2,34.4,3,1,3,0,ECE,0
5.41,59.7,51.7,60.3,67.0,31.6,18.9,33.0,43.0,43.0,5,2,2,0,ECE,0
7.0,76.7,77.4,69.5,83.3,80.4,79.1,69.3,92.8,62.8,4,0,1,0,MECH,1
7.52,79.9,82.2,73.2,84.3,86.4,87.4,99.4,72.3,48.1,1,0,3,2,CSE,1
8.53,49.6,35.0,50.7,63.0,54.7,58.1,54.6,51.4,17.5,2,0,0,0,MECH,1
6.73,65.4,56.9,72.1,67.2,76.6,86.2,61.0,82.6,82.2,1,1,1,0,CSE,1
6.47,69.7,69.5,69.5,70.1,70.3,85.0,62.8,63.2,72.8,2,3,2,1,IT,1
6.75,77.6,77.2,84.2,71.4,45.6,42.0,33.3,61.6,69.8,3,4,2,1,CSE,1
8.02,69.0,67.0,75.6,64.4,54.5,62.7,50.6,50.2,52.9,5,0,2,1,EEE,1
7.5,60.4,69.6,67.2,44.4,83.3,93.8,77.1,79.1,68.4,2,3,1,1,ECE,0
6.72,47.9,37.8,49.7,56.1,71.7,65.4,70.7,79.1,51.4,2,1,1,1,ECE,0
7.66,63.6,67.4,57.6,65.8,53.0,57.1,59.2,42.7,65.1,4,0,3,0,ECE,1
7.29,46.0,35.4,45.1,57.4,49.0,52.6,42.8,51.5,48.2,4,1,2,1,ECE,0
8.07,27.0,30.2,25.7,25.0,63.6,66.9,66.6,57.2,84.7,6,3,4,0,EEE,1
6.57,71.8,70.4,75.5,69.5,43.0,35.6,46.3,47.1,38.4,3,1,3,0,CSE,1
6.91,70.1,81.0,60.3,68.9,64.3,71.1,66.6,55.1,80.5,5,4,2,2,IT,1
6.85,29.8,25.0,31.9,32.6,92.0,96.8,88.0,91.2,62.6,1,0,1,0,CSE,1
5.88,57.1,61.1,52.1,58.2,51.7,50.3,53.8,51.0,54.7,4,0,3,1,IT,1
7.47,71.9,82.0,71.4,62.2,35.2,20.6,38.3,46.7,64.5,3,3,0,2,EEE,0
7.43,97.7,98.5,100.0,94.7,39.0,29.8,51.0,36.1,73.0,6,1,2,2,ECE,1
7.2,66.9,64.3,68.7,67.6,80.6,78.0,79.8,84.0,82.5,2,0,0,1,EEE,0
6.99,57.4,59.4,65.3,47.6,64.4,59.3,67.9,66.0,66.7,1,1,2,0,IT,1
5.93,58.0,56.8,60.7,56.6,55.2,54.4,69.7,41.5,48.6,1,0,3,0,ECE,1
6.82,89.8,91.1,91.7,86.6,49.5,61.6,44.7,42.2,62.8,7,1,2,1,IT,1
6.89,60.9,69.2,69.0,44.6,67.4,75.6,59.7,66.8,89.3,5,1,1,0,CIVIL,0
6.48,61.3,62.4,64.3,57.3,49.9,59.3,33.7,56.7,82.2,2,1,0,0,IT,0
7.05,50.4,52.4,49.5,49.3,64.0,55.3,67.0,69.8,75.6,2,1,2,2,ECE,1
7.56,55.5,54.5,49.6,62.3,36.3,44.1,29.0,35.9,73.9,1,2,0,0,EEE,1
8.9,70.2,56.4,64.0,90.1,48.3,52.3,49.4,43.3,72.5,5,0,1,0,MECH,1
7.36,87.7,92.3,91.7,79.1,57.0,53.6,48.1,69.3,79.4,1,2,1,0,IT,0
7.43,74.3,73.1,75.0,74.9,62.9,68.9,65.0,54.7,55.2,4,1,1,0,IT,1
7.13,51.8,46.5,54.8,54.2,57.3,63.4,52.5,55.9,41.7,1,0,1,0,IT,0
5.47,61.5,51.6,61.5,71.3,71.1,82.5,62.0,68.9,63.0,2,1,0,0,IT,0
7.18,32.8,40.9,27.0,30.5,6.2,5.0,8.5,5.0,49.7,4,1,3,0,ECE,1
7.25,82.0,75.0,88.9,82.2,52.9,56.9,60.1,41.7,46.2,4,1,0,0,CIVIL,1
9.42,56.4,54.2,59.8,55.2,51.7,50.1,46.5,58.4,51.2,0,2,3,0,CSE,1
7.03,63.0,65.6,62.9,60.4,85.1,85.7,87.4,82.3,99.3,6,0,2,0,ECE,1
7.47,99.8,100.0,100.0,99.4,48.0,50.7,44.6,48.8,64.0,3,2,0,0,MECH,1
7.17,74.5,67.6,78.4,77.4,70.0,78.9,66.5,64.5,67.4,5,0,1,0,CSE,1
6.15,42.1,48.4,31.8,46.1,88.6,92.7,82.8,90.2,43.7,3,0,0,0,IT,1
8.23,63.6,67.4,58.9,64.6,39.1,36.8,50.5,30.1,34.3,3,1,3,0,MECH,1
7.88,84.0,94.3,80.2,77.6,62.3,80.5,47.8,58.5,49.7,2,2,2,0,MECH,1
7.91,63.7,62.7,63.0,65.4,40.8,24.4,42.2,55.8,83.6,1,1,0,1,ECE,0
6.38,48.3,40.0,58.7,46.3,47.9,37.2,55.9,50.6,67.0,3,0,1,0,CSE,1
8.46,74.3,81.8,70.8,70.3,51.1,53.2,50.9,49.2,71.0,2,1,2,1,CSE,0
5.94,57.4,52.8,61.8,57.7,51.1,47.7,61.1,44.5,73.1,4,1,2,0,ECE,1
7.73,94.7,90.1,94.1,100.0,100.0,100.0,100.0,100.0,53.1,2,0,1,0,CSE,1
9.17,82.8,86.0,90.2,72.3,71.6,75.0,71.5,68.3,82.8,4,1,0,0,CSE,1
6.31,55.8,43.5,53.4,70.5,84.5,84.4,91.7,77.4,52.5,2,0,1,0,EEE,0
6.69,89.5,93.5,77.1,97.9,65.9,60.2,61.2,76.2,83.1,2,2,1,0,EEE,1
7.29,66.3,66.5,74.7,57.8,41.6,38.4,42.0,44.4,68.6,4,3,4,1,MECH,1
6.75,72.1,73.6,80.3,62.4,74.3,76.7,84.8,61.5,35.2,1,2,1,4,CSE,0
5.8,68.4,71.1,59.4,74.8,92.9,90.4,90.4,97.8,50.8,3,1,1,1,CSE,1
7.26,49.8,52.9,48.8,47.7,53.6,65.6,46.5,48.6,35.2,2,1,1,1,MECH,0
6.24,58.6,42.1,59.1,74.7,72.7,78.9,73.1,66.0,79.4,3,3,3,0,EEE,1
7.63,85.8,91.4,86.1,79.8,69.0,74.7,56.7,75.7,61.6,0,1,2,1,MECH,0
6.37,55.9,60.6,54.9,52.3,86.2,76.3,94.6,87.7,28.6,0,2,3,0,CIVIL,1
8.59,48.9,62.9,36.0,47.9,48.8,47.6,41.7,57.2,67.6,1,0,1,0,MECH,0
6.5,59.2,59.2,55.8,62.5,37.9,39.4,33.4,40.9,53.9,5,1,0,1,ECE,0
6.91,63.1,62.8,61.2,65.2,53.6,64.4,41.9,54.6,39.7,3,2,2,0,IT,0
7.93,89.9,97.7,77.7,94.3,77.8,78.3,79.8,75.3,87.2,2,0,4,1,ECE,0
6.09,45.0,47.9,27.4,59.6,34.8,36.9,28.6,38.8,63.6,2,0,2,0,ECE,0
7.4,68.2,72.1,71.9,60.5,21.9,24.8,27.6,13.3,57.6,1,1,2,1,IT,0
8.38,79.3,67.8,85.8,84.3,55.2,59.7,55.5,50.4,56.0,3,1,2,0,EEE,0
5.75,63.0,63.1,62.1,63.7,58.1,55.0,63.2,56.1,39.3,3,1,2,0,CSE,0
7.37,75.7,66.5,82.4,78.2,63.5,56.2,58.0,76.2,42.4,3,0,1,0,EEE,0
7.43,54.9,53.6,55.2,56.0,70.8,71.8,68.2,72.5,81.3,5,1,0,0,CSE,1
7.9,75.8,74.8,83.9,68.8,48.0,33.6,52.9,57.6,54.9,4,1,0,0,IT,0
6.09,57.0,56.7,51.2,63.0,37.5,25.7,47.8,38.9,62.3,3,2,2,0,MECH,1
6.01,75.6,73.1,78.5,75.1,96.0,90.0,98.1,100.0,31.3,0,0,2,0,CSE,1
7.67,72.1,80.7,68.7,66.8,39.1,37.9,39.4,39.9,42.2,5,0,1,0,ECE,1
7.47,97.8,94.1,99.4,100.0,34.7,46.2,26.7,31.1,71.1,5,1,0,2,CSE,0
7.43,81.0,79.9,71.1,92.0,72.9,85.3,76.6,56.7,67.7,4,2,1,0,MECH,1
7.51,67.3,66.6,74.6,60.7,54.1,55.8,55.8,50.8,88.3,4,0,2,1,MECH,1
6.59,57.5,44.5,68.1,60.0,64.9,68.9,55.0,70.7,82.1,4,0,3,1,CIVIL,1
7.41,57.8,57.1,65.0,51.3,60.9,74.0,51.6,57.0,58.5,1,0,1,1,MECH,0
7.46,71.3,61.4,75.4,77.0,76.9,75.5,69.9,85.4,69.1,3,1,4,0,EEE,1
6.56,63.7,47.8,78.1,65.3,54.5,49.7,68.9,44.8,57.3,3,2,1,2,CSE,1
8.88,62.7,57.5,64.8,65.8,92.0,89.0,100.0,86.9,92.8,2,1,3,1,IT,1
7.63,78.2,84.3,75.9,74.3,25.0,29.4,14.8,30.8,79.2,5,0,0,1,IT,0
6.13,55.4,61.5,52.9,51.8,77.6,86.9,79.6,66.3,64.5,5,0,2,0,ECE,1
7.79,74.4,83.5,74.5,65.3,46.3,57.6,33.9,47.4,65.0,3,0,0,1,EEE,1
6.32,86.3,78.6,95.3,84.9,84.8,77.9,97.4,79.2,83.7,1,1,1,0,CSE,0
7.91,66.7,67.0,61.1,72.1,65.3,61.4,64.9,69.5,70.7,3,0,3,0,CSE,0
8.24,28.4,31.6,30.8,22.8,54.8,55.3,58.1,50.9,85.4,1,2,1,0,IT,0
6.46,48.3,50.9,52.7,41.2,69.3,81.9,54.1,71.8,29.1,5,0,3,1,CSE,1
8.07,87.3,73.9,88.9,99.0,85.8,84.6,82.0,90.8,68.9,1,2,0,1,ECE,0
7.57,57.6,50.7,63.4,58.6,72.9,70.3,70.8,77.5,54.3,1,2,0,0,ECE,1
7.94,52.1,47.9,45.9,62.4,38.9,30.0,51.0,35.6,88.3,4,1,2,0,EEE,0
8.91,62.3,59.2,71.3,56.4,51.2,41.8,60.9,50.9,85.2,6,0,2,0,CSE,0
6.98,73.7,76.0,69.9,75.1,60.8,62.7,60.6,59.2,62.5,1,1,0,0,CIVIL,0
6.52,73.1,69.3,72.9,77.0,58.7,62.7,53.3,60.1,85.0,3,1,2,0,CSE,1
6.4,57.9,54.1,66.9,52.8,80.1,61.8,80.5,98.0,88.7,3,1,4,0,IT,1
6.47,57.6,64.7,46.8,61.2,26.9,26.2,25.1,29.5,63.1,5,1,1,1,ECE,0
7.13,56.0,49.0,63.4,55.7,58.1,72.0,57.0,45.3,99.1,2,3,3,1,CSE,1
7.51,46.9,58.3,43.6,38.9,46.4,43.6,45.9,49.6,61.5,0,2,2,0,CSE,0
7.45,88.3,79.6,94.2,91.0,38.1,56.8,31.0,26.4,58.8,0,0,6,0,CSE,0
7.94,55.1,54.5,52.8,57.9,43.3,43.6,42.3,44.1,75.0,2,0,1,0,ECE,1
7.21,79.5,70.3,87.6,80.5,57.6,68.9,67.4,36.5,56.7,5,2,1,0,MECH,1
8.51,83.9,82.3,95.1,74.2,5.0,5.0,5.0,5.0,63.3,2,1,1,1,ECE,0
6.96,89.2,86.8,85.9,94.9,37.8,37.8,42.8,32.9,83.1,1,1,1,0,ECE,0
9.65,63.9,63.1,61.0,67.7,47.6,40.5,53.2,49.0,62.3,4,0,0,0,IT,1
7.76,75.9,78.5,68.8,80.3,66.0,68.1,60.7,69.1,36.6,4,1,4,0,CSE,1
6.43,63.5,68.8,60.0,61.6,46.3,42.4,47.3,49.3,67.5,1,2,2,0,CSE,1
6.24,47.6,43.5,64.1,35.1,54.7,54.2,54.5,55.3,51.6,1,0,4,1,MECH,1
7.63,73.3,66.9,63.9,89.1,85.3,89.6,94.0,72.3,75.0,5,4,4,1,CSE,1
7.0,43.5,42.3,40.2,47.9,72.8,75.2,61.1,82.0,72.4,2,1,0,0,CIVIL,1
7.84,84.5,92.3,87.0,74.1,78.7,74.7,66.8,94.6,84.1,3,2,1,0,CSE,1
7.63,54.6,48.9,52.1,62.7,41.7,34.4,35.1,55.6,75.6,5,1,1,0,ECE,0
7.13,71.6,75.0,60.2,79.5,68.2,73.1,66.6,65.0,78.4,1,1,3,0,CIVIL,1
6.44,67.4,76.1,57.4,68.7,55.0,55.1,68.1,41.7,52.0,0,1,2,0,IT,0
5.84,69.2,76.0,57.5,74.2,57.3,72.8,51.6,47.6,74.1,3,1,4,0,EEE,1
6.8,75.5,69.9,72.6,84.0,63.7,57.6,61.9,71.5,91.5,1,1,1,1,IT,0
7.97,57.3,64.0,60.3,47.6,50.3,31.8,58.6,60.6,51.7,5,1,0,1,IT,0
7.39,83.6,95.5,84.8,70.5,91.9,91.6,96.1,88.0,89.0,3,1,3,1,CSE,1
6.08,49.1,41.2,50.4,55.7,60.8,60.7,56.4,65.3,53.8,5,1,6,0,MECH,1
7.36,53.1,54.5,65.2,39.6,71.8,60.4,77.4,77.6,49.2,3,3,0,1,CSE,1
7.55,86.1,77.1,90.6,90.7,77.7,69.4,74.0,89.8,66.4,1,1,1,0,CSE,0
6.4,49.5,56.7,55.1,36.7,85.1,92.9,91.3,71.0,72.7,0,1,3,0,CIVIL,1
7.34,52.3,40.4,65.7,50.7,48.5,50.2,57.5,37.8,75.7,0,1,1,0,IT,0
7.25,70.5,69.2,73.2,69.2,58.2,42.7,72.8,59.1,47.6,2,1,2,2,IT,0
6.17,66.2,71.0,63.8,63.9,66.0,69.9,53.6,74.6,68.5,3,2,3,1,CIVIL,1
7.52,65.9,71.4,62.0,64.4,80.0,91.8,69.6,78.5,51.7,3,0,3,0,IT,1
7.7,65.5,75.3,60.3,60.9,47.1,36.3,47.2,57.9,39.7,3,0,1,1,IT,1
8.17,83.9,75.7,79.2,96.8,41.4,43.9,44.6,35.7,48.1,0,2,3,0,MECH,1
8.15,91.7,90.8,85.2,99.2,81.8,74.1,89.6,81.7,50.7,2,0,1,0,IT,1
5.96,65.9,63.1,75.4,59.1,50.2,35.8,52.9,61.9,69.8,1,3,1,1,CSE,0
6.36,64.7,56.2,60.6,77.4,49.4,37.9,47.8,62.5,79.3,1,0,3,1,IT,1
7.66,74.8,68.2,85.7,70.4,93.2,97.3,87.1,95.1,39.9,0,1,1,0,EEE,0
7.66,92.9,98.2,87.7,92.9,52.0,40.8,50.2,65.1,67.3,4,2,0,2,CSE,1
7.66,67.9,70.3,70.8,62.5,52.2,50.1,45.8,60.6,44.3,2,0,1,0,IT,0
10.0,50.3,55.0,51.0,44.8,42.5,53.9,39.5,34.2,71.4,2,0,4,0,IT,0
7.71,85.3,90.0,75.6,90.3,60.1,51.1,77.4,51.8,52.7,4,1,1,1,CSE,0
8.22,62.2,53.9,68.1,64.6,41.3,28.1,58.5,37.3,46.2,3,0,1,0,ECE,0
8.06,38.5,47.9,37.9,29.8,47.9,67.9,41.5,34.2,74.0,3,0,3,1,CSE,0
7.79,77.5,89.0,79.7,63.8,65.1,71.0,46.4,78.0,53.2,3,1,2,0,ECE,1
6.92,56.7,63.4,58.2,48.6,83.3,75.9,79.6,94.3,57.3,6,1,5,3,ECE,1
7.88,62.9,78.0,63.4,47.3,68.9,83.4,56.2,67.0,28.7,0,1,1,2,CSE,0
6.5,71.7,56.4,88.8,69.8,50.8,59.9,48.3,44.2,76.2,3,1,3,0,CSE,0
6.99,65.4,63.5,77.1,55.7,83.2,82.7,87.5,79.3,74.3,3,0,1,0,CSE,0
6.76,74.0,69.0,80.7,72.3,57.0,45.9,69.8,55.4,62.1,4,1,2,1,CSE,0
7.27,65.7,64.7,59.8,72.6,38.7,34.9,41.0,40.3,39.1,1,0,1,1,ECE,0
9.28,76.1,63.8,80.2,84.2,59.2,59.9,55.1,62.7,80.1,4,2,4,0,ECE,1
5.52,64.6,67.4,65.5,61.0,76.7,82.6,64.7,82.7,52.0,4,1,2,0,CSE,0
7.82,78.8,86.3,75.6,74.5,69.2,72.2,63.1,72.2,55.2,2,2,3,1,ECE,0
5.75,80.9,79.2,71.2,92.4,56.8,44.9,60.9,64.7,96.7,2,0,3,0,CIVIL,1
6.78,54.2,54.2,51.3,57.1,83.0,72.9,94.2,81.8,51.4,3,0,0,0,CSE,0
8.18,68.0,72.3,54.8,76.9,38.4,37.5,28.6,49.0,73.1,2,1,2,0,IT,0
7.26,51.0,50.7,59.2,43.2,30.5,33.2,33.8,24.6,70.4,2,1,1,0,EEE,0
6.23,79.7,86.3,72.4,80.3,25.2,26.3,17.8,31.6,67.9,3,0,2,1,CSE,0
6.56,79.2,76.4,82.9,78.4,56.0,48.7,43.4,76.0,66.2,3,0,1,0,EEE,0
7.81,88.6,90.4,90.9,84.4,56.8,63.0,51.7,55.6,67.6,2,0,2,0,CIVIL,1
6.54,58.6,58.5,52.4,64.8,81.8,85.7,70.5,89.3,66.1,2,1,0,0,CSE,0
7.39,53.4,43.9,59.7,56.5,69.3,70.7,67.5,69.6,61.2,2,1,1,1,MECH,0
7.24,58.5,56.2,56.4,62.9,48.7,53.8,47.9,44.5,84.7,4,4,2,0,IT,1
6.61,58.8,76.0,64.5,35.9,57.5,58.7,54.6,59.3,42.3,5,4,5,1,CSE,1
9.13,72.8,66.0,78.5,74.0,62.1,73.8,52.2,60.4,77.3,4,0,3,1,IT,1
7.77,48.7,43.9,50.0,52.1,16.5,18.5,5.0,26.1,74.3,4,0,4,0,CSE,0
5.38,48.7,58.3,43.9,43.9,100.0,100.0,100.0,100.0,72.5,3,1,1,0,ECE,0
7.37,47.0,40.0,50.3,50.6,57.4,52.1,58.8,61.2,78.8,2,1,4,0,CSE,1
6.6,72.6,79.8,67.4,70.7,62.7,55.2,59.4,73.6,60.6,6,1,1,2,EEE,0
7.97,94.6,96.5,94.6,92.6,60.2,58.3,55.9,66.5,34.0,1,2,2,0,IT,0
6.49,64.2,63.6,67.7,61.4,74.3,79.9,81.8,61.2,60.9,0,1,2,1,IT,0
7.1,68.5,85.6,66.6,53.2,58.2,57.0,59.0,58.6,47.1,2,0,0,0,CSE,1
7.65,66.0,52.6,66.0,79.3,48.6,49.1,41.0,55.8,51.0,0,0,2,0,IT,0
7.98,88.3,89.7,84.6,90.6,68.3,59.1,66.3,79.4,43.4,3,1,2,0,CSE,1
6.12,53.8,50.6,64.9,46.0,76.4,63.6,83.3,82.2,54.8,6,1,2,0,EEE,0
6.9,71.3,74.5,66.1,73.3,53.3,38.6,45.5,75.7,53.1,4,1,1,0,CSE,1
6.77,82.0,82.2,79.8,84.0,85.6,88.0,82.3,86.6,26.3,2,2,4,0,ECE,1
6.61,69.3,66.2,63.3,78.4,56.4,55.1,55.6,58.4,72.5,2,2,3,1,CSE,0
8.79,60.3,69.5,60.7,50.7,72.0,85.7,53.5,76.9,95.3,1,1,2,0,ECE,1
7.56,77.7,64.2,79.8,89.1,76.7,66.9,82.1,81.0,71.1,2,2,3,0,ECE,0
6.07,29.8,32.0,36.0,21.5,61.8,52.3,63.6,69.6,59.0,4,1,1,1,IT,1
8.03,73.4,76.9,72.4,70.9,70.3,82.2,76.4,52.4,61.2,5,0,4,0,ECE,1
9.11,65.7,61.0,54.0,82.2,72.7,69.4,51.3,97.5,55.7,0,2,3,1,IT,0
8.13,42.1,47.8,36.1,42.4,42.4,34.5,36.4,56.2,63.4,1,0,2,0,MECH,0
5.83,70.4,75.1,67.9,68.3,54.1,63.1,55.1,44.1,61.4,2,1,3,1,EEE,1
6.76,78.1,85.4,86.6,62.2,58.2,57.4,62.1,55.0,49.4,3,0,0,0,ECE,0
8.34,61.4,56.0,51.1,77.0,43.2,35.4,42.3,51.9,87.2,1,0,1,0,MECH,1
6.56,75.4,72.6,88.6,64.9,95.5,88.4,98.2,100.0,39.7,0,3,1,1,MECH,0
7.6,85.6,97.1,82.2,77.5,42.5,63.8,40.2,23.4,72.8,1,0,1,1,ECE,0
7.9,88.1,94.9,89.2,80.1,36.5,35.4,28.9,45.1,60.5,5,0,1,0,CSE,1
6.37,88.0,86.1,77.8,100.0,72.6,63.1,91.7,62.9,90.5,2,1,2,1,ECE,1
7.15,79.9,75.8,80.7,83.1,78.3,87.1,76.5,71.2,67.1,2,1,1,0,IT,0
5.0,64.9,58.8,71.4,64.5,47.3,48.7,39.4,53.7,56.6,4,0,2,1,ECE,1
6.28,47.8,52.0,45.6,45.7,71.3,62.7,86.3,64.8,58.3,1,1,1,0,ECE,0
6.97,58.7,66.9,53.6,55.6,81.8,75.6,100.0,69.9,62.6,5,1,1,0,ECE,0
6.08,59.5,68.7,55.2,54.6,65.3,66.2,68.8,60.9,44.9,4,0,0,0,ECE,1
8.67,90.1,88.4,85.9,96.1,90.7,100.0,74.0,98.1,50.5,3,2,3,0,ECE,0
5.91,64.1,59.5,60.5,72.2,31.6,11.4,46.5,37.0,35.2,1,3,4,1,CSE,1
6.8,73.3,68.6,75.0,76.4,77.4,89.7,79.7,62.9,48.2,4,0,0,1,CSE,1
7.32,78.2,77.9,79.1,77.7,82.5,75.5,99.9,72.1,63.4,1,0,1,0,ECE,0
8.5,63.9,63.9,65.7,62.0,77.5,90.1,87.5,54.9,66.5,5,1,2,0,IT,1
5.91,86.2,81.7,80.9,96.1,66.6,69.3,72.3,58.2,32.3,5,0,2,0,EEE,0
8.25,60.0,63.3,61.4,55.4,54.1,45.1,63.8,53.5,59.9,3,1,1,1,CSE,1
7.21,66.1,73.5,67.9,56.9,71.5,77.9,81.0,55.7,70.5,1,1,3,0,CSE,0
6.32,44.6,47.3,36.0,50.6,79.0,67.4,93.8,75.8,59.6,3,0,2,0,ECE,0
7.62,52.5,57.4,52.8,47.4,68.2,51.6,72.4,80.5,52.5,5,0,0,0,ECE,0
7.38,62.5,65.8,56.2,65.5,70.3,73.4,62.0,75.5,55.8,1,1,1,1,CSE,0
6.66,67.4,65.6,74.1,62.6,43.9,46.7,39.6,45.4,53.9,4,0,1,0,IT,1
7.26,52.2,59.6,50.2,46.9,56.8,51.5,60.0,58.9,52.4,4,0,1,2,CSE,0
6.85,48.5,59.7,29.9,55.9,39.2,40.9,44.8,32.0,64.6,3,3,2,2,CSE,0
7.3,44.1,38.4,47.5,46.4,60.0,64.9,41.0,74.0,96.6,3,0,0,0,CSE,0
7.8,65.3,64.1,66.2,65.7,70.6,78.3,60.9,72.6,50.8,2,1,2,1,ECE,1
8.63,36.7,26.7,30.4,53.1,58.7,53.4,54.4,68.4,57.2,2,1,1,1,MECH,0
6.09,78.8,82.7,67.8,85.8,100.0,100.0,100.0,100.0,61.2,4,1,4,0,CSE,1
9.12,67.4,53.7,88.2,60.2,68.8,65.3,79.1,61.9,51.7,2,0,1,0,CSE,1
5.44,45.7,56.6,42.1,38.4,57.7,35.8,70.2,67.1,78.5,0,2,4,0,EEE,1
7.06,58.3,58.0,66.5,50.3,67.6,66.1,72.4,64.3,26.4,1,0,2,0,MECH,0
7.73,54.5,52.8,49.3,61.5,45.5,53.1,48.3,35.0,54.0,5,3,1,0,CSE,0
7.45,67.0,64.4,52.7,84.0,52.2,59.2,41.6,55.7,74.3,2,1,1,0,IT,0
6.64,81.5,81.5,82.4,80.6,78.6,88.1,74.6,73.0,57.6,3,1,2,0,CSE,1
7.01,41.0,50.1,36.6,36.3,57.3,55.2,59.3,57.3,49.7,0,0,3,0,CSE,1
6.76,63.8,46.7,63.4,81.3,41.6,49.9,41.5,33.5,68.6,1,0,1,1,ECE,0
6.67,67.5,73.0,61.8,67.8,43.0,28.6,44.8,55.5,75.6,2,1,0,2,CIVIL,1
7.96,77.5,77.1,76.5,78.8,60.5,56.4,56.8,68.4,65.2,1,3,0,0,ECE,0
7.52,60.4,58.3,66.8,56.1,73.9,80.8,69.8,71.0,50.0,4,2,0,2,CIVIL,1
6.58,50.5,45.9,44.4,61.3,80.3,70.3,77.5,93.0,68.8,3,1,2,1,IT,0
8.01,63.2,73.9,64.4,51.2,27.2,29.6,18.2,33.8,56.0,0,1,1,0,MECH,0
7.48,42.4,46.3,38.3,42.5,48.5,47.5,49.7,48.2,73.2,2,1,2,0,CSE,1
7.93,70.4,70.8,63.7,76.6,60.5,63.8,62.9,54.7,84.2,2,0,2,0,CSE,1
7.77,68.3,74.4,71.2,59.4,31.5,18.2,41.1,35.3,22.9,5,2,2,2,EEE,1
6.45,93.1,94.3,95.7,89.4,46.1,50.0,40.2,48.1,63.7,3,1,0,0,IT,0
6.7,56.7,56.6,63.7,49.7,52.7,56.9,53.6,47.7,36.0,5,3,0,0,IT,1
7.87,55.1,56.8,43.9,64.7,53.5,51.8,49.4,59.4,98.6,3,0,2,0,ECE,1
7.75,42.9,35.6,38.1,55.1,58.9,45.6,63.7,67.3,55.0,1,0,2,0,IT,0
7.18,35.5,48.6,37.7,20.3,60.9,67.2,66.6,48.9,73.2,3,0,2,0,ECE,1
7.31,44.7,51.3,30.1,52.6,49.2,59.9,44.0,43.8,61.5,4,2,3,0,CSE,0
8.35,65.5,73.0,62.8,60.6,70.4,75.6,61.5,74.1,50.0,2,1,1,0,EEE,0
6.67,77.7,75.0,77.3,80.7,94.0,93.0,89.2,99.7,48.2,2,1,3,2,IT,0
7.69,51.2,57.0,54.3,42.2,88.3,90.1,81.5,93.4,85.8,5,1,2,0,ECE,1
7.02,76.5,77.5,74.2,77.8,38.8,37.6,32.4,46.3,76.3,5,1,0,0,CSE,1
7.0,56.5,48.8,64.3,56.4,79.3,89.0,62.7,86.2,91.2,1,0,3,0,EEE,0
8.19,67.2,70.7,51.7,79.2,56.0,47.4,59.2,61.4,62.8,2,1,1,1,ECE,0
7.94,89.3,100.0,92.8,75.2,63.1,73.4,61.6,54.3,66.3,3,3,3,0,CSE,1
7.93,74.7,69.4,71.1,83.6,49.3,52.4,55.4,40.1,58.0,5,0,0,0,CSE,0
8.37,64.8,58.3,63.7,72.3,58.7,60.7,57.4,58.1,57.7,3,1,2,1,CSE,0
7.22,55.4,55.9,50.5,59.7,58.8,47.2,59.2,70.1,46.4,5,1,1,0,ECE,0
7.81,46.0,34.4,45.4,58.1,55.6,47.3,51.1,68.4,63.3,2,1,3,1,ECE,0
6.92,48.2,47.1,47.9,49.6,43.5,34.8,46.8,48.9,50.2,2,0,2,0,CSE,0
7.49,69.9,71.0,67.1,71.6,54.7,47.7,52.3,64.1,68.6,0,1,3,0,ECE,0
7.08,56.2,69.7,48.9,50.1,65.2,53.0,81.0,61.5,64.6,2,0,0,2,MECH,0
7.29,67.4,64.7,61.9,75.5,67.5,65.7,60.3,76.4,66.3,0,0,0,0,CSE,1
7.74,63.1,58.8,64.6,66.0,75.7,70.4,73.9,82.7,87.1,1,1,2,0,IT,1
6.46,54.2,49.5,55.1,58.0,40.1,52.6,35.9,31.8,61.4,3,1,0,0,ECE,1
9.08,60.9,58.0,55.8,69.0,59.3,48.7,68.5,60.7,73.4,5,0,1,0,ECE,1
6.29,68.5,76.2,66.9,62.4,71.0,61.9,65.2,85.9,92.8,2,1,1,0,CSE,0
6.11,68.4,75.0,73.1,57.1,81.0,83.4,77.0,82.6,81.6,0,1,1,0,CSE,1
8.24,48.2,49.7,50.4,44.6,51.1,51.0,55.3,47.0,79.3,2,0,2,1,CSE,0
7.91,87.3,80.0,91.1,90.9,52.7,67.0,59.1,31.9,57.4,2,1,1,0,ECE,1
7.76,67.8,54.9,71.0,77.5,60.9,65.5,57.7,59.6,65.4,1,0,1,0,ECE,0
7.77,65.1,71.9,56.9,66.4,40.2,46.5,34.5,39.7,42.2,5,2,2,1,CSE,1
7.19,84.1,82.2,81.9,88.1,63.3,70.8,71.1,47.9,69.5,5,3,1,0,IT,1
6.39,56.5,55.9,58.8,54.7,73.1,69.6,75.5,74.1,66.1,0,1,2,2,IT,0
7.27,82.7,91.1,83.0,73.9,68.8,65.2,65.3,76.0,62.4,1,0,1,0,MECH,0
6.59,71.2,73.6,74.0,66.1,59.7,64.1,52.9,62.1,77.4,2,0,1,0,CSE,1
8.08,54.7,67.6,41.1,55.3,63.0,68.8,80.2,40.1,43.9,1,4,3,1,ECE,1
7.07,67.0,59.3,70.8,70.9,40.2,44.1,43.6,32.8,86.5,5,0,1,0,EEE,0
6.46,46.4,38.1,45.2,55.9,73.3,85.9,65.1,68.9,75.5,1,2,3,3,MECH,0
6.91,62.6,65.3,60.4,62.1,57.6,56.6,51.8,64.4,60.9,1,0,1,0,ECE,0
7.57,69.9,68.6,75.3,65.9,55.2,55.6,49.8,60.2,59.8,0,0,2,1,CSE,0
6.69,65.0,76.5,56.9,61.6,53.5,54.1,47.9,58.6,69.2,4,0,0,1,MECH,1
6.46,59.8,68.8,56.7,53.9,50.3,49.6,46.1,55.1,84.8,1,0,1,0,EEE,0
7.42,37.8,36.7,39.3,37.5,47.8,53.2,41.1,49.1,63.5,2,0,2,0,EEE,0
7.42,55.9,49.1,62.8,55.9,70.7,85.2,62.9,63.9,64.2,2,2,1,0,CSE,1
6.74,68.6,76.1,65.2,64.6,59.3,57.7,59.2,61.0,62.3,4,0,0,0,CSE,0
6.78,67.9,59.5,76.6,67.6,82.9,87.4,83.3,77.9,88.7,1,0,2,0,ECE,0
7.41,56.6,63.6,54.9,51.4,86.5,83.3,82.8,93.4,56.5,0,2,2,0,CIVIL,1
5.9,74.7,80.4,65.3,78.4,50.9,48.2,57.5,46.9,61.6,2,2,3,0,EEE,0
5.93,59.9,65.6,48.6,65.6,67.8,68.7,74.1,60.7,84.0,5,0,1,0,MECH,0
6.55,75.0,84.0,74.1,66.9,47.8,55.0,46.1,42.4,64.2,5,1,1,0,ECE,1
7.01,69.5,69.9,74.8,63.8,46.7,51.1,48.1,40.9,79.1,0,0,2,0,IT,1
7.48,56.9,51.8,35.0,83.8,90.1,97.3,85.4,87.6,48.3,5,1,2,1,ECE,0
8.53,88.9,87.1,100.0,79.5,57.6,59.6,61.7,51.5,58.9,1,1,2,0,EEE,1
7.97,46.3,51.7,52.5,34.8,54.2,56.1,64.1,42.4,84.3,3,0,2,0,ECE,0
7.06,80.9,78.5,79.1,85.2,67.8,70.9,65.3,67.2,51.9,5,2,2,1,CIVIL,1
7.18,73.7,74.3,88.5,58.2,36.2,21.4,34.9,52.2,59.7,3,3,2,0,IT,1
6.3,60.7,54.3,74.4,53.3,46.4,50.3,37.8,51.1,65.9,4,1,1,2,CSE,1
7.18,92.2,85.1,91.5,100.0,41.1,46.1,42.7,34.5,47.2,1,3,1,0,MECH,1
6.94,53.2,44.5,69.1,46.0,43.2,52.4,31.8,45.4,55.8,7,0,0,1,CSE,1
7.49,64.0,72.7,70.1,49.2,11.7,7.6,21.5,6.0,63.7,1,0,3,1,ECE,0
6.46,60.7,60.8,67.5,53.7,69.0,72.3,63.9,70.7,62.7,2,0,3,1,MECH,1
7.67,61.8,53.9,59.3,72.1,97.8,100.0,93.4,100.0,81.2,5,0,0,1,IT,1
8.58,73.4,62.9,69.7,87.6,66.0,76.7,49.1,72.2,85.1,2,1,2,0,MECH,1
7.1,67.8,61.8,70.6,71.0,37.5,35.6,35.8,41.1,49.2,0,1,2,0,IT,1
7.56,35.6,29.7,29.7,47.4,46.8,50.5,45.8,44.1,63.7,3,1,3,0,EEE,1
7.82,85.8,77.6,82.7,97.2,58.2,63.3,51.7,59.7,72.1,3,0,1,0,CSE,0
6.84,48.4,57.4,28.2,59.6,37.0,27.7,57.4,25.8,84.7,6,1,3,0,ECE,1
7.4,77.7,75.2,81.0,77.0,73.3,71.4,76.4,72.1,72.8,2,1,3,0,ECE,1
7.21,73.5,82.2,80.5,57.8,77.5,87.1,65.8,79.6,66.4,1,1,1,0,IT,0
7.29,48.4,52.9,50.9,41.5,43.7,50.1,33.2,47.8,72.0,3,0,3,1,ECE,1
6.5,56.8,60.3,55.1,55.0,77.8,76.0,78.3,79.0,72.1,3,1,0,0,CIVIL,0
7.22,56.6,48.9,74.1,46.9,86.2,70.9,98.9,88.9,48.1,3,0,3,1,EEE,0
7.65,61.8,52.4,72.9,60.1,92.5,91.8,95.2,90.4,64.9,3,1,1,1,CIVIL,1
8.51,65.0,72.3,50.7,71.9,100.0,100.0,100.0,100.0,83.9,2,1,3,2,IT,1
8.06,85.6,90.4,77.8,88.7,44.6,48.0,50.8,35.1,58.9,5,2,1,0,ECE,1
9.14,76.7,69.9,78.5,81.6,99.8,99.9,100.0,99.6,63.9,1,0,1,1,CSE,1
6.51,82.7,76.3,76.4,95.5,44.3,43.7,34.5,54.6,58.4,3,1,3,0,CIVIL,1
7.99,54.0,54.9,46.4,60.7,45.9,29.3,56.6,51.7,27.3,4,1,2,0,CSE,1
7.37,60.9,54.4,65.5,62.7,66.8,77.8,75.4,47.3,62.3,1,1,1,0,IT,1
9.17,44.0,45.5,36.0,50.5,45.8,46.1,36.7,54.7,66.5,4,0,0,0,CSE,0
6.47,54.6,47.9,61.5,54.4,66.9,68.4,57.9,74.5,54.3,0,4,4,1,IT,1
6.44,93.8,95.8,86.5,99.1,34.5,37.5,29.1,36.8,44.7,3,2,0,0,MECH,1
6.66,89.6,97.1,98.6,73.2,57.9,45.3,48.7,79.7,48.8,3,1,2,0,IT,0
5.29,44.3,49.4,40.9,42.6,73.8,69.3,77.0,75.0,73.5,4,1,0,0,MECH,1
6.73,60.3,64.9,60.5,55.4,55.3,49.0,61.5,55.4,91.6,4,1,1,0,IT,0
6.52,70.7,73.5,69.7,69.0,61.6,55.2,71.1,58.5,82.7,2,0,1,0,MECH,0
7.34,70.4,64.4,65.1,81.6,72.6,71.7,78.9,67.3,41.8,3,1,1,2,ECE,1
7.51,49.3,47.1,47.5,53.4,73.3,71.9,71.5,76.6,74.8,1,2,3,0,IT,0
8.89,70.7,71.6,83.8,56.7,30.2,49.3,23.4,17.8,52.1,3,1,3,2,IT,1
8.06,64.1,65.3,60.2,66.8,75.9,80.2,83.1,64.5,53.3,4,2,2,0,IT,1
6.68,69.4,65.9,69.9,72.3,60.0,63.5,61.9,54.5,55.1,2,2,1,0,CSE,1
6.39,59.8,60.0,66.1,53.2,66.8,61.6,63.7,75.1,72.6,2,2,1,0,CSE,0
7.64,59.7,58.7,55.3,65.1,92.0,93.2,82.8,100.0,76.4,3,1,1,0,CSE,1
6.01,51.9,58.3,54.3,43.0,43.3,37.5,39.4,53.1,60.5,1,0,2,1,IT,1
8.85,60.7,62.9,62.5,56.8,41.8,42.5,48.0,35.0,60.8,2,1,0,1,ECE,0
8.26,63.1,79.5,55.2,54.7,24.2,28.8,23.7,20.1,69.0,1,1,2,1,IT,0
6.78,58.8,48.7,59.7,67.9,53.4,57.7,53.4,49.1,70.5,4,0,0,0,EEE,0
5.66,58.6,65.4,47.9,62.5,85.5,89.0,67.5,100.0,79.6,5,1,2,0,CIVIL,1
8.42,84.1,99.3,78.4,74.5,53.5,53.2,51.1,56.3,42.7,2,0,1,0,IT,1
7.1,83.6,91.0,78.2,81.7,28.7,31.9,30.4,23.9,62.3,4,3,2,1,IT,0
8.31,56.6,57.6,65.7,46.5,50.9,58.1,48.0,46.7,46.0,5,2,2,1,CSE,1
5.77,76.1,78.7,71.6,78.1,36.5,41.9,25.4,42.3,61.2,5,0,0,0,IT,0
6.66,56.4,64.9,52.2,52.2,40.1,36.9,35.5,47.8,58.6,0,0,3,2,EEE,0
7.2,78.0,83.0,73.2,77.8,55.6,50.7,51.5,64.6,61.3,0,2,1,1,CSE,0
7.24,70.6,69.4,67.2,75.2,43.5,38.0,45.5,46.9,50.0,5,1,2,0,CSE,0
6.79,68.1,67.0,68.7,68.7,73.2,85.2,78.1,56.2,39.7,2,0,1,1,IT,0
7.76,71.4,51.0,78.7,84.6,59.4,76.8,41.7,59.8,30.6,0,2,3,0,MECH,0
6.24,43.2,48.5,39.0,42.2,57.6,49.5,53.1,70.1,60.0,1,1,2,0,ECE,0
7.07,47.5,50.2,40.0,52.3,52.2,51.0,58.6,46.9,55.5,2,2,0,0,CIVIL,0
7.31,46.9,46.5,50.4,43.9,67.2,69.2,67.7,64.8,51.9,1,0,1,0,MECH,1
7.66,70.9,83.4,60.4,68.8,69.3,86.9,66.3,54.6,81.8,1,0,3,0,CSE,1
7.84,87.6,83.9,85.1,93.7,70.6,65.3,64.9,81.6,49.1,7,0,2,1,CSE,1
6.19,96.1,93.0,100.0,95.3,65.3,60.5,73.0,62.4,83.3,3,1,5,0,IT,0
5.82,75.4,89.9,80.5,55.9,54.3,62.0,42.0,58.8,86.4,1,0,4,1,ECE,0
8.35,71.3,65.4,73.3,75.3,71.7,65.2,74.7,75.3,32.7,0,1,0,1,ECE,0
7.5,36.1,35.4,29.6,43.4,52.6,42.0,46.3,69.4,63.4,2,4,1,1,CSE,0
6.53,55.3,56.2,59.1,50.6,56.5,51.1,59.9,58.5,56.0,2,0,2,1,CSE,0
8.6,54.8,60.7,62.5,41.1,59.2,72.7,55.0,49.9,18.3,1,2,0,0,CSE,1
7.3,60.8,58.0,53.3,71.1,52.4,56.1,47.0,54.0,40.3,1,1,2,0,MECH,0
8.26,64.5,52.3,73.5,67.6,49.5,49.4,38.0,61.1,73.6,4,0,1,0,CIVIL,1
7.26,59.6,54.1,68.7,56.1,65.6,65.5,65.1,66.2,92.3,2,3,0,0,CSE,1
9.05,36.3,32.4,50.6,25.9,85.5,85.2,98.5,72.7,75.5,4,1,2,0,CSE,1
8.78,73.4,74.9,77.9,67.3,71.2,82.7,66.3,64.5,66.9,4,0,2,0,CSE,1
6.98,57.0,53.4,54.7,63.0,41.2,41.6,55.6,26.4,61.7,0,0,4,1,MECH,0
8.07,73.7,71.7,79.7,69.7,84.3,83.1,79.3,90.6,87.2,4,0,1,0,CIVIL,0
7.78,88.6,79.8,97.6,88.5,56.5,63.3,54.9,51.4,94.2,2,1,2,0,CSE,1
8.43,55.3,60.6,48.1,57.2,64.6,70.4,59.3,64.1,53.2,1,3,0,0,IT,1
6.33,26.3,31.6,26.0,21.4,36.4,34.8,36.9,37.4,32.0,4,2,1,0,IT,1
7.82,70.3,72.1,62.9,76.0,59.0,56.3,57.4,63.3,30.5,1,2,2,0,ECE,0
8.15,82.7,84.0,70.1,93.9,54.4,45.5,54.9,62.9,81.8,3,1,1,0,ECE,0
5.62,93.0,100.0,91.3,87.8,39.9,55.0,32.7,32.0,61.3,2,1,3,1,ECE,0
6.14,49.9,51.5,56.6,41.5,76.4,79.0,66.3,83.8,64.7,5,3,1,0,CIVIL,1
5.36,61.0,82.7,54.4,45.8,91.0,74.6,100.0,98.3,35.1,2,0,2,0,CSE,1
6.96,59.1,62.7,70.8,43.7,46.8,54.2,45.4,40.9,50.7,5,1,1,0,EEE,1
7.85,61.8,62.7,72.5,50.1,82.4,76.8,84.1,86.4,57.6,2,0,0,0,IT,0
8.55,99.4,100.0,98.3,100.0,60.2,72.2,59.3,49.0,65.1,1,0,2,0,IT,0
7.27,46.7,51.1,48.3,40.7,65.3,60.2,63.7,72.0,56.0,1,2,2,1,EEE,0
8.67,65.6,73.1,68.6,55.1,26.0,23.4,29.2,25.4,46.4,2,1,1,0,CIVIL,1
5.96,70.5,61.3,81.4,68.7,98.7,100.0,97.1,99.0,50.2,1,0,0,0,EEE,0
5.67,81.1,69.9,88.1,85.3,80.6,93.7,60.5,87.7,80.1,3,1,2,1,EEE,0
7.15,65.2,68.7,55.2,71.7,59.3,54.1,61.8,61.9,65.7,4,1,2,0,EEE,0
7.55,64.9,70.5,74.0,50.3,17.9,8.9,15.3,29.4,71.2,3,2,1,2,IT,0
7.17,56.9,54.6,57.9,58.2,58.4,62.4,54.4,58.4,48.5,1,0,1,0,EEE,0
5.34,64.7,69.9,69.4,54.9,32.4,25.7,42.3,29.2,17.7,1,0,4,0,EEE,0
7.12,65.5,72.9,54.4,69.2,61.9,68.4,64.1,53.2,54.2,0,1,0,0,ECE,0
6.03,82.8,79.3,87.7,81.5,72.0,81.3,76.2,58.5,49.0,5,0,1,0,ECE,1
7.8,56.5,50.7,68.1,50.8,48.8,26.6,56.1,63.6,67.2,2,2,0,1,EEE,0
7.53,65.5,69.4,64.4,62.6,71.6,71.1,72.6,71.1,100.0,1,3,2,0,MECH,1
6.35,57.4,58.2,53.9,60.0,70.5,68.2,81.6,61.8,72.4,6,3,3,1,IT,1
6.74,71.2,77.7,77.7,58.2,73.9,72.8,69.0,79.8,100.0,2,2,3,1,MECH,1
6.25,65.5,61.0,67.8,67.6,69.7,67.6,82.5,59.0,70.5,3,1,2,0,MECH,1
7.14,38.6,36.4,42.1,37.4,32.4,34.2,29.0,34.0,52.6,4,0,2,0,CSE,1
8.06,85.9,72.6,92.7,92.4,86.1,80.8,86.9,90.7,67.2,2,2,1,0,EEE,0
6.31,50.4,51.3,58.6,41.3,57.9,49.1,63.8,60.9,88.7,1,2,5,0,CSE,0
7.65,54.9,51.4,63.6,49.7,36.4,38.7,39.5,31.1,89.4,7,1,0,0,CSE,1
6.72,44.7,33.2,59.3,41.6,81.9,90.8,76.3,78.7,53.4,1,1,2,0,ECE,1
6.49,82.4,100.0,73.1,74.2,91.1,88.4,94.2,90.7,65.8,2,1,2,0,MECH,1
7.1,33.5,43.8,33.5,23.3,57.6,67.1,37.8,68.0,40.6,4,0,0,0,CSE,1
6.27,100.0,100.0,100.0,100.0,96.6,97.2,98.9,93.6,74.4,1,1,1,0,MECH,0
6.7,77.4,79.9,79.4,72.8,60.2,72.0,65.0,43.6,85.3,5,0,4,0,ECE,1
6.12,66.8,58.8,72.2,69.4,53.1,51.5,54.9,53.0,62.6,2,0,1,0,MECH,0
8.97,66.6,77.8,61.7,60.4,35.5,53.1,19.5,33.9,52.0,8,2,3,0,MECH,1
7.23,67.1,84.2,60.8,56.3,87.5,87.4,75.2,100.0,67.4,4,1,1,0,MECH,1
6.57,71.8,73.5,71.3,70.6,40.7,45.8,39.3,37.1,68.3,2,3,2,1,EEE,0
7.39,79.6,82.2,76.5,80.0,73.8,75.1,75.4,70.9,63.2,1,1,1,0,MECH,1
7.1,67.5,74.2,67.5,60.7,54.1,55.9,53.4,53.1,64.7,1,0,3,0,CSE,0
7.0,64.8,55.6,64.4,74.3,46.5,39.7,50.5,49.3,59.4,1,0,2,0,IT,0
7.75,55.8,58.9,54.7,53.7,83.5,91.9,83.9,74.6,76.9,4,2,3,0,CSE,1
7.88,64.6,63.9,71.8,58.1,45.3,34.9,43.3,57.8,73.0,2,1,2,0,EEE,0
6.72,62.0,58.6,59.9,67.6,58.0,46.3,59.2,68.4,47.3,2,0,1,2,CSE,0
6.68,81.9,79.1,92.5,74.2,83.1,78.3,84.0,86.9,46.8,3,1,4,0,CSE,1
6.95,77.3,72.6,85.5,73.7,94.1,91.3,90.9,100.0,58.2,5,1,0,0,MECH,0
5.13,22.4,23.2,23.2,20.7,72.1,86.7,69.1,60.5,73.1,0,1,3,0,EEE,0
5.84,72.1,74.6,66.1,75.5,49.8,30.3,67.2,52.0,64.2,2,1,2,1,MECH,0
8.43,51.4,59.2,51.0,43.9,51.8,46.2,56.3,52.9,52.4,2,1,2,0,CSE,1
8.68,52.8,59.0,53.0,46.4,52.2,40.1,51.7,64.9,65.9,1,1,2,0,IT,1
6.98,54.5,49.3,48.6,65.7,71.0,65.8,67.9,79.2,57.0,0,0,0,0,CSE,0
7.72,90.5,88.6,91.8,91.1,45.9,45.9,50.7,41.0,75.2,2,1,3,1,CSE,0
7.48,69.9,61.4,79.2,69.2,74.3,88.2,66.4,68.2,67.0,2,0,2,0,CSE,1
9.97,57.5,63.4,57.3,51.7,67.3,62.7,72.3,66.8,57.3,3,0,1,0,IT,0
8.21,69.4,81.8,52.9,73.6,29.7,41.3,34.7,13.1,65.5,5,2,3,0,CSE,1
7.08,49.7,49.0,41.8,58.3,37.5,50.0,20.8,41.8,81.7,5,1,2,0,ECE,1
6.34,34.4,24.9,52.8,25.4,50.5,47.1,54.4,50.1,53.5,6,0,0,0,IT,0
5.75,53.1,53.3,58.5,47.4,49.7,44.7,54.7,49.6,68.0,3,2,0,0,CSE,1
7.38,75.4,76.6,75.9,73.7,97.5,94.9,97.5,100.0,60.9,1,0,4,0,EEE,0
6.52,79.5,70.3,82.9,85.4,58.7,49.1,73.5,53.4,68.4,1,1,4,0,EEE,0
5.92,83.5,68.1,85.3,97.2,50.2,58.7,47.7,44.3,52.2,4,0,3,0,MECH,0
6.62,77.9,87.4,73.4,72.9,69.7,62.1,80.4,66.7,63.7,2,2,0,0,IT,0
6.23,69.5,77.5,72.8,58.2,61.9,66.0,52.2,67.5,78.6,4,1,3,0,CIVIL,1
8.72,55.4,48.6,57.6,60.0,66.0,60.7,71.8,65.4,47.9,4,1,2,1,MECH,1
7.99,77.6,58.3,90.2,84.3,76.6,72.6,77.9,79.2,42.1,2,2,1,1,ECE,1
7.19,70.1,73.6,59.4,77.3,83.3,82.7,79.6,87.6,42.6,1,2,2,0,IT,0
8.53,73.8,73.9,81.0,66.5,62.4,59.1,67.4,60.8,44.4,6,3,3,1,CSE,1
7.27,85.8,85.6,80.7,91.2,80.8,83.5,81.9,77.0,70.9,1,0,2,0,EEE,0
6.42,77.2,70.6,79.5,81.6,70.6,79.4,71.2,61.1,40.9,3,0,1,1,ECE,1
8.57,66.1,74.0,64.7,59.7,40.8,38.7,34.8,49.0,57.5,2,0,2,0,CIVIL,1
7.69,86.3,95.5,79.6,83.8,92.5,85.5,100.0,92.1,71.3,5,1,3,1,ECE,1
6.27,72.0,71.2,70.3,74.6,73.9,78.0,68.8,74.8,68.2,3,0,2,1,CIVIL,0
7.03,64.8,52.3,77.6,64.5,54.7,53.1,57.6,53.3,56.2,3,1,1,1,MECH,1
6.41,64.2,61.3,69.2,62.1,90.4,88.8,96.0,86.3,64.9,1,2,2,1,CIVIL,0
5.96,50.2,51.7,47.8,51.0,92.1,100.0,92.5,83.7,63.6,1,0,3,0,IT,0
8.03,61.7,65.0,52.2,67.8,56.3,56.8,47.7,64.5,58.6,7,0,1,0,CSE,0
8.92,56.1,58.0,59.3,50.9,53.9,64.7,55.8,41.3,58.8,3,1,0,0,EEE,0
5.94,50.7,54.3,39.5,58.3,58.8,58.8,68.2,49.5,95.5,3,1,2,0,EEE,1
7.71,55.4,61.1,58.0,47.0,68.0,61.9,79.7,62.4,74.1,0,2,4,0,CSE,1
6.61,42.7,34.5,44.4,49.1,91.0,100.0,92.6,80.3,99.2,5,2,0,0,EEE,1
6.76,60.1,57.0,57.8,65.4,76.2,79.6,67.6,81.4,54.5,3,2,1,0,ECE,0
6.67,72.9,67.6,73.4,77.7,59.8,60.5,57.1,61.7,60.7,1,1,1,1,CSE,0
6.42,56.4,53.1,57.5,58.5,83.9,92.7,78.1,81.0,42.0,2,0,1,0,ECE,1
7.24,69.5,78.2,68.4,62.0,48.0,50.6,54.1,39.4,49.9,5,0,3,1,CIVIL,0
6.45,81.1,73.9,77.0,92.4,81.8,85.8,76.7,83.0,90.5,0,1,3,1,ECE,1
7.44,55.2,52.3,55.3,58.0,45.2,31.2,57.2,47.3,54.2,1,0,2,0,EEE,0
7.15,56.9,47.3,60.2,63.1,63.9,57.1,66.0,68.5,90.8,3,0,0,0,CSE,1
6.98,56.3,67.9,54.3,46.6,59.7,67.9,56.7,54.5,43.3,2,3,0,0,EEE,1
6.38,45.5,37.9,49.9,48.8,58.4,56.6,51.3,67.4,46.2,4,1,1,0,CIVIL,1
6.68,78.5,80.1,77.2,78.1,56.9,55.7,63.0,52.0,56.9,4,0,3,0,IT,1
7.88,59.8,66.1,58.2,55.2,78.4,69.4,83.6,82.3,61.0,3,1,1,1,IT,1
7.65,59.2,54.9,44.5,78.2,54.7,66.0,45.8,52.4,75.8,3,0,2,0,ECE,1
6.32,44.0,40.3,53.3,38.4,55.9,59.3,39.9,68.5,68.8,0,1,0,1,MECH,0
7.29,68.7,84.1,75.1,46.9,92.3,94.1,82.7,100.0,55.8,6,1,1,1,CSE,1
7.88,43.9,29.9,50.8,51.0,79.3,72.6,89.7,75.7,60.0,2,3,2,0,IT,0
5.7,65.9,69.9,65.4,62.4,24.7,29.7,25.0,19.5,57.2,1,2,1,0,CSE,0
7.69,60.0,48.9,63.0,68.1,49.8,70.2,34.2,45.1,48.3,4,1,2,0,IT,0
6.6,79.8,76.3,82.6,80.4,31.7,38.7,36.8,19.7,48.7,3,1,2,0,ECE,1
7.71,49.4,59.7,33.9,54.7,52.3,65.6,53.1,38.3,77.4,2,4,2,1,CIVIL,1
6.51,31.0,18.1,40.9,33.9,6.0,5.0,7.9,5.0,34.6,1,0,0,0,IT,0
5.58,62.1,58.2,57.7,70.4,62.5,49.5,73.7,64.2,86.3,5,1,3,0,ECE,1
5.74,85.8,88.6,82.0,86.8,33.8,28.7,42.8,29.9,56.9,1,0,1,0,MECH,0
7.24,86.5,98.9,78.8,81.9,62.2,65.4,46.9,74.4,50.4,4,1,1,0,IT,1
7.43,66.5,53.3,78.2,68.1,36.7,34.1,36.0,39.9,73.1,3,1,3,0,ECE,0
6.39,52.7,49.7,58.2,50.1,61.8,59.9,63.9,61.6,84.3,1,2,3,0,EEE,0
7.77,78.9,88.3,66.4,82.1,53.6,61.0,46.9,52.9,78.8,3,0,1,0,IT,0
5.7,61.2,66.2,61.4,56.0,89.7,97.9,91.3,80.0,69.5,4,2,1,1,CSE,0
7.14,78.5,70.8,77.5,87.1,74.2,68.7,67.3,86.7,78.3,2,1,1,0,ECE,0
6.11,74.4,62.2,76.4,84.6,78.3,67.4,83.3,84.2,36.3,3,2,1,2,IT,0
6.61,85.1,96.6,85.6,73.0,51.9,62.6,45.7,47.4,54.2,6,1,2,1,CSE,1
7.24,100.0,100.0,100.0,100.0,83.8,89.1,83.9,78.4,48.3,1,0,2,0,CIVIL,0
6.43,75.0,75.9,88.0,61.0,32.9,25.6,32.5,40.6,80.4,2,2,4,2,ECE,0
6.85,56.2,51.4,52.4,64.8,42.1,46.3,40.5,39.4,56.2,5,0,1,0,MECH,1
8.11,67.1,64.2,77.6,59.5,51.1,45.7,60.2,47.4,74.7,3,2,4,0,CSE,1
6.68,37.4,39.0,43.3,30.0,92.4,95.3,90.9,91.0,70.0,3,0,3,0,CIVIL,1
7.95,58.4,57.9,59.3,58.1,53.1,59.8,51.5,48.0,49.1,0,1,0,1,EEE,0
6.18,49.7,70.9,45.7,32.5,48.8,51.1,45.6,49.6,53.2,3,1,1,0,MECH,1
7.68,53.7,64.7,56.3,40.2,36.3,43.3,33.2,32.3,81.4,1,0,2,0,IT,0
8.5,61.5,58.5,60.6,65.4,76.9,70.4,86.8,73.4,50.4,1,2,4,1,IT,0
5.0,59.6,64.5,60.1,54.3,78.7,90.3,76.2,69.7,63.9,1,4,4,1,ECE,1
6.48,83.2,83.2,89.3,77.0,73.3,72.2,82.0,65.8,50.3,6,1,0,0,EEE,1
7.72,56.0,70.5,48.4,49.2,55.6,56.0,63.9,47.0,57.3,2,0,3,1,MECH,0
7.02,66.0,76.6,64.7,56.7,49.1,55.4,42.1,49.7,61.3,5,0,2,0,CSE,0
7.53,61.7,51.5,69.4,64.3,34.3,31.7,36.2,34.9,50.3,4,0,2,0,MECH,0
6.66,68.5,66.9,65.7,73.0,65.7,40.9,83.1,73.0,47.6,3,1,2,0,CIVIL,0
7.28,77.0,72.3,82.4,76.4,49.3,45.2,56.1,46.7,66.3,4,0,2,0,ECE,0
7.06,53.5,40.3,55.7,64.4,29.4,40.7,23.3,24.1,49.3,4,1,2,0,CSE,0
8.25,59.0,58.6,58.5,59.8,57.7,58.4,56.7,58.0,49.8,2,1,1,0,MECH,0
7.43,64.2,80.8,58.6,53.3,52.9,49.4,51.7,57.7,47.9,2,0,1,1,ECE,0
7.5,37.1,31.4,36.4,43.4,50.7,46.6,59.1,46.5,60.8,3,0,2,0,MECH,0
6.83,45.8,53.3,44.6,39.5,67.2,88.0,60.5,53.0,76.2,1,0,0,0,MECH,0
6.76,61.6,63.5,64.0,57.3,53.6,46.6,52.9,61.4,84.6,5,1,2,1,CSE,0
6.81,81.3,78.2,77.4,88.4,55.2,62.4,48.3,55.0,51.1,1,0,4,0,ECE,1
7.56,70.3,67.8,67.6,75.5,55.6,57.4,57.4,51.9,94.3,1,1,1,0,IT,0
6.82,67.8,57.3,64.3,81.7,39.9,39.8,51.3,28.6,46.9,3,1,2,0,CIVIL,1
7.46,75.7,78.8,74.5,73.9,56.5,58.6,50.0,60.9,78.3,3,2,1,0,CSE,1
9.07,68.3,57.0,71.5,76.5,57.0,54.5,56.3,60.2,51.2,3,3,3,0,CSE,1
7.98,63.1,52.9,67.8,68.5,29.0,40.2,16.6,30.3,48.9,0,1,1,1,MECH,1
6.91,68.1,73.1,52.8,78.3,84.6,90.8,87.0,76.1,50.8,2,0,0,0,CSE,0
8.28,73.2,76.4,74.7,68.5,47.1,49.7,57.7,34.0,61.2,1,2,1,0,ECE,0
6.83,58.8,57.3,55.2,63.9,59.4,62.6,58.3,57.2,70.7,1,2,3,1,IT,1
5.37,36.5,32.7,31.1,45.6,77.3,69.9,76.8,85.1,72.0,2,1,5,0,ECE,1
6.29,69.6,71.7,76.0,61.2,77.8,80.9,80.3,72.2,47.8,4,2,3,1,ECE,1
5.52,86.2,86.7,84.8,87.1,67.1,82.1,75.3,43.9,47.2,4,2,2,0,IT,1
6.88,85.5,85.2,80.3,90.9,52.3,50.0,57.9,49.1,48.3,3,0,4,0,CIVIL,1
7.22,74.1,76.1,69.1,77.2,68.9,72.3,69.1,65.4,60.3,0,2,3,0,CSE,0
8.71,80.8,92.8,80.5,69.1,65.1,65.9,55.3,74.1,58.8,1,1,3,0,IT,0
7.49,75.9,68.8,71.1,87.7,45.2,44.6,38.3,52.7,47.7,2,0,2,0,IT,0
7.0,62.6,69.3,55.3,63.1,32.0,19.0,47.2,29.9,66.0,6,1,1,1,ECE,0
7.95,54.0,46.2,58.0,57.9,26.5,28.8,18.2,32.4,95.9,3,0,1,1,IT,0
5.21,65.5,62.9,61.4,72.1,56.8,54.2,64.6,51.5,54.4,2,0,2,0,CSE,0
7.41,69.5,67.0,74.0,67.5,56.6,42.5,53.1,74.2,55.5,4,0,5,0,CIVIL,1
7.89,79.6,76.7,90.2,71.8,78.1,86.8,68.7,78.8,70.4,3,0,1,0,IT,1
5.87,62.6,56.5,65.7,65.6,54.4,55.3,54.3,53.6,53.6,2,1,2,0,IT,0
8.23,53.8,50.2,70.5,40.8,83.0,79.3,98.3,71.3,72.0,3,2,1,0,IT,0
7.5,67.1,82.0,57.1,62.1,57.1,62.8,57.0,51.6,51.2,1,1,1,0,CSE,0
6.83,78.2,84.1,74.5,75.9,79.1,65.3,96.7,75.4,89.5,1,1,3,1,CSE,0
7.77,49.2,60.1,45.5,42.1,47.4,35.7,56.4,50.0,67.2,0,2,4,0,CSE,1
9.24,21.6,23.1,24.3,17.4,78.0,75.9,68.9,89.3,52.7,1,1,1,1,CSE,0
7.36,65.3,57.9,64.9,73.2,41.1,46.7,48.4,28.2,53.2,2,0,0,0,CSE,1
7.42,51.0,37.6,66.5,48.9,58.9,48.3,63.7,64.6,54.3,5,2,2,0,IT,1
6.79,60.7,52.3,57.7,72.2,33.1,30.3,28.5,40.5,82.6,0,2,3,0,ECE,1
6.44,61.0,55.6,67.0,60.3,58.2,61.3,55.0,58.2,43.0,5,1,1,0,ECE,1
7.95,59.3,68.6,59.3,49.9,45.4,46.9,38.0,51.4,52.0,3,1,0,1,CSE,0
6.43,83.3,82.2,79.6,88.0,60.8,59.1,67.2,56.2,53.6,1,0,2,0,CIVIL,0
7.26,66.8,78.1,55.0,67.4,42.8,50.9,47.1,30.5,61.8,3,1,2,0,MECH,1
6.77,65.0,74.0,63.6,57.4,79.2,71.3,77.7,88.5,57.9,2,0,1,0,CIVIL,1
7.63,81.0,92.1,62.6,88.4,59.5,70.8,57.6,50.0,39.6,2,2,4,0,IT,1
7.5,47.6,37.2,62.7,42.8,65.9,63.0,53.3,81.4,56.0,2,0,1,0,ECE,0
8.13,76.4,89.6,78.6,61.1,63.9,61.7,54.7,75.4,60.5,0,2,2,0,CSE,1
6.74,70.5,73.1,61.2,77.2,99.0,100.0,100.0,96.9,52.6,1,2,0,0,MECH,0
6.96,72.5,66.6,81.5,69.3,72.1,69.9,66.5,79.8,72.3,0,0,4,0,CSE,1
6.32,47.7,58.1,41.0,43.9,82.8,79.4,81.6,87.3,75.8,1,1,3,1,IT,0
6.8,36.2,45.9,37.1,25.6,73.8,73.1,73.0,75.2,60.8,3,0,1,0,IT,0
7.54,81.8,74.6,77.0,93.9,62.6,59.6,60.8,67.3,65.5,3,0,3,0,ECE,1
7.88,66.5,63.7,78.5,57.4,19.9,5.0,23.0,31.8,29.6,3,1,0,0,ECE,0
6.37,52.0,46.6,56.4,53.0,48.9,61.1,38.5,47.2,55.7,2,1,0,1,CSE,0
7.98,62.0,69.2,54.8,62.0,48.0,53.7,42.2,48.2,77.1,3,1,3,2,IT,0
8.42,82.4,80.8,81.4,85.0,26.5,24.3,30.5,24.7,55.6,3,0,0,1,CIVIL,1
7.57,51.3,54.6,51.6,47.8,48.3,48.9,47.1,48.9,50.9,1,2,1,0,MECH,0
8.89,80.8,81.7,89.6,71.0,26.4,41.6,7.6,30.0,96.2,1,1,4,0,ECE,0
6.5,44.9,46.2,44.2,44.3,52.7,31.3,64.6,62.3,89.3,5,1,1,0,ECE,0
6.08,77.6,82.6,74.3,75.8,76.2,78.3,68.5,81.9,69.0,4,2,1,0,CSE,1
5.6,51.3,49.6,51.8,52.5,66.6,64.5,76.9,58.3,79.1,4,0,0,0,CSE,1
8.55,73.2,70.1,74.1,75.5,65.3,72.0,53.7,70.2,28.6,0,0,2,0,CSE,1
7.79,58.5,57.7,53.5,64.2,41.9,44.9,35.1,45.8,50.2,0,0,1,0,IT,0
7.15,73.0,63.6,83.0,72.3,38.0,33.5,36.8,43.8,55.0,2,3,2,0,EEE,1
7.45,60.9,64.1,65.3,53.3,23.5,25.1,30.5,14.8,58.5,2,0,1,1,IT,0
6.19,55.6,54.1,39.7,72.9,36.1,19.7,34.6,54.0,54.7,4,2,3,1,CSE,1
9.4,79.4,80.9,74.3,83.0,43.2,40.4,43.7,45.6,23.7,3,1,1,2,IT,0
7.32,61.2,63.7,62.0,57.8,61.9,61.4,62.2,62.2,67.8,3,0,2,1,CSE,1
7.3,67.3,53.9,75.2,72.7,53.2,52.9,47.2,59.5,70.2,1,2,2,2,EEE,0
7.85,56.6,48.8,46.4,74.7,63.5,54.0,65.0,71.4,86.0,2,0,2,0,CSE,1
7.63,23.4,38.7,16.5,15.0,64.5,66.3,67.0,60.1,50.2,1,0,0,0,IT,0
7.4,66.2,69.5,68.9,60.1,62.1,53.7,69.9,62.6,48.9,3,0,2,0,ECE,1
6.49,83.5,87.8,87.7,75.0,80.3,83.0,83.5,74.5,21.8,3,0,2,0,CSE,0
7.62,76.4,78.8,72.5,77.9,38.3,34.8,40.5,39.7,57.6,3,1,3,0,CSE,1
8.89,60.0,48.9,62.7,68.4,67.5,68.9,73.7,60.0,75.5,0,1,1,0,ECE,0
8.41,61.1,61.7,60.8,60.9,63.6,68.7,62.9,59.3,52.8,3,2,2,1,CSE,1
8.63,70.0,80.5,70.8,58.8,46.0,42.1,64.9,31.0,94.2,1,0,2,1,ECE,0
6.74,61.5,65.1,67.2,52.2,77.2,68.3,84.0,79.3,58.2,2,0,3,0,EEE,0
6.31,46.8,41.8,46.3,52.2,71.8,76.8,64.8,73.7,64.2,5,0,2,0,IT,1
7.09,87.5,86.7,80.5,95.2,47.2,67.9,33.1,40.5,41.6,7,0,1,0,IT,0
7.25,69.3,62.7,76.2,69.1,52.4,48.3,49.9,59.1,66.3,3,0,1,0,CIVIL,0
8.18,75.1,70.0,75.8,79.5,70.0,85.2,74.5,50.4,32.3,1,0,0,1,IT,0
5.68,68.7,75.9,74.6,55.5,63.2,75.4,39.6,74.7,72.4,1,2,1,2,CIVIL,0
8.58,67.3,60.2,72.0,69.8,70.6,69.0,73.9,68.9,72.9,4,1,3,3,CSE,0
7.06,73.5,72.5,77.6,70.5,64.5,61.8,68.4,63.3,82.4,0,3,1,1,EEE,0
6.82,73.9,79.2,76.9,65.7,88.6,84.2,100.0,81.5,46.7,3,0,2,0,ECE,0
6.29,54.4,63.4,47.4,52.4,34.4,33.3,35.8,34.2,64.4,0,0,0,1,MECH,0
5.71,56.5,59.1,57.4,53.0,53.4,43.9,44.5,71.8,70.5,4,2,1,0,CSE,0
7.94,68.1,63.7,70.3,70.3,44.6,43.8,35.0,54.9,68.6,1,2,2,0,CSE,1
7.27,85.2,89.6,92.5,73.6,74.1,85.2,58.4,78.8,49.0,1,1,5,1,CSE,1
6.04,44.2,46.7,42.1,43.7,30.5,26.4,27.1,38.0,26.1,1,1,0,0,CIVIL,0
6.03,43.8,48.1,39.2,44.0,63.3,63.5,64.1,62.3,67.2,1,0,2,0,IT,0
6.9,60.8,63.3,62.7,56.3,34.9,32.3,37.6,34.8,59.7,2,0,3,1,MECH,1
8.7,72.7,64.3,70.0,83.7,53.0,51.3,62.2,45.5,53.5,2,2,2,0,CSE,1
6.97,64.7,59.5,75.7,58.9,31.1,38.1,22.2,33.1,73.5,4,3,0,1,CSE,0
5.85,65.0,68.1,65.2,61.7,60.3,52.7,65.6,62.6,61.3,4,2,2,0,CSE,1
6.98,58.9,55.4,69.1,52.1,82.7,76.3,90.3,81.5,42.2,3,0,1,0,ECE,0
6.95,87.9,76.9,86.8,100.0,67.0,56.6,68.6,75.7,33.0,2,1,4,0,MECH,0
5.0,44.8,44.7,41.6,48.1,74.0,75.7,63.7,82.6,45.1,1,0,0,1,IT,0
7.15,50.3,55.1,51.7,44.0,87.8,88.0,91.7,83.7,97.9,5,1,2,0,MECH,1
6.99,71.3,69.8,69.5,74.6,55.3,67.6,51.7,46.5,72.8,1,0,4,2,CSE,1
7.83,42.4,38.5,44.6,44.0,58.9,52.7,59.6,64.4,64.8,2,1,4,0,ECE,0
8.86,70.5,65.8,80.7,65.1,76.0,79.2,67.2,81.5,59.3,1,2,0,0,EEE,1
8.21,86.3,92.7,81.4,84.8,47.1,57.5,46.7,37.1,58.3,2,1,2,0,CSE,1
6.96,65.4,68.9,69.4,57.8,53.0,53.4,39.2,66.5,79.5,2,0,0,0,CSE,0
6.2,65.7,61.6,64.0,71.6,32.2,49.3,9.4,38.0,54.6,4,2,1,0,IT,1
9.52,43.6,48.6,40.4,41.9,74.2,79.9,65.4,77.4,70.7,2,1,2,0,CSE,1
7.25,63.4,59.3,56.3,74.5,66.9,66.5,64.6,69.6,56.8,8,1,2,0,MECH,0
7.21,55.9,59.8,60.8,47.1,68.3,69.2,59.1,76.5,91.1,2,1,2,1,CIVIL,0
7.18,67.9,43.9,83.9,75.9,37.9,24.0,40.7,48.9,73.1,1,3,2,0,EEE,1
7.38,82.5,84.2,81.5,81.8,75.5,80.5,74.0,72.1,80.7,6,0,1,1,EEE,0
7.07,76.7,90.5,63.8,75.8,55.6,48.4,65.1,53.2,53.2,3,0,6,1,CSE,1
6.68,52.0,46.6,51.6,57.8,60.5,57.1,70.8,53.6,77.9,4,0,3,0,CSE,0
6.71,58.9,62.6,51.9,62.1,72.4,77.7,65.2,74.4,57.3,0,1,4,0,MECH,0
7.17,75.6,75.0,71.2,80.6,62.8,70.0,54.0,64.4,63.7,2,3,4,0,ECE,1
6.71,72.8,83.5,81.1,53.9,67.1,61.9,83.2,56.3,86.5,3,2,2,0,ECE,1
6.56,90.0,96.7,93.5,79.9,34.3,24.0,52.6,26.3,46.4,4,1,1,1,EEE,1
7.3,46.9,40.7,58.6,41.5,100.0,100.0,100.0,100.0,65.0,3,4,1,1,IT,1
6.97,50.1,59.5,49.6,41.1,85.5,88.5,77.0,91.0,68.6,2,0,4,1,CSE,0
8.55,47.8,52.1,46.2,45.2,73.1,68.5,81.9,69.0,69.8,0,0,1,1,EEE,0
5.0,60.6,60.6,55.6,65.6,45.4,37.9,46.1,52.2,55.2,3,0,0,1,IT,0
8.18,71.8,74.2,62.5,78.6,53.2,60.8,56.9,41.8,93.3,2,0,3,1,MECH,1
8.32,83.2,87.1,81.3,81.2,54.0,52.6,59.7,49.6,42.6,4,1,3,1,IT,0
5.33,60.6,70.9,53.7,57.3,84.3,85.4,84.8,82.8,83.9,1,2,1,1,CSE,1
6.89,57.6,51.4,57.2,64.2,56.1,54.2,52.6,61.4,80.2,0,1,0,1,CSE,0
6.87,67.1,73.7,59.2,68.4,39.7,30.7,43.4,44.9,90.5,2,1,1,0,EEE,0
5.93,57.7,52.8,57.7,62.7,51.0,58.3,58.6,36.1,38.2,3,0,0,0,ECE,1
6.5,98.3,94.8,100.0,100.0,86.9,93.9,84.2,82.6,49.0,1,1,2,0,IT,1
6.2,39.3,43.1,32.1,42.8,86.8,76.9,89.8,93.7,84.4,4,2,0,1,IT,1
8.78,59.3,66.4,52.8,58.6,95.4,100.0,95.3,90.9,33.8,3,0,0,0,ECE,0
8.04,93.0,100.0,92.3,86.8,76.1,75.7,69.3,83.3,37.9,4,2,3,0,CSE,1
8.34,63.1,64.4,65.2,59.6,56.9,55.6,57.5,57.7,54.7,0,0,2,1,IT,0
7.85,58.9,53.4,64.1,59.2,6.6,5.0,5.0,9.7,64.9,4,0,2,1,CSE,0
6.18,58.6,56.8,56.4,62.7,59.5,51.2,60.6,66.6,85.9,6,0,2,2,IT,0
6.73,64.8,63.9,60.9,69.6,68.1,69.8,67.6,66.8,59.2,4,0,3,0,ECE,0
7.64,88.3,94.1,87.2,83.7,53.2,54.6,58.5,46.6,52.9,1,1,1,2,CSE,0
6.1,38.5,38.9,42.4,34.2,53.8,53.1,56.3,52.0,66.7,2,0,1,0,IT,0
7.84,79.5,79.7,70.8,87.9,42.6,47.4,27.0,53.3,69.0,2,0,1,1,IT,0
6.98,49.0,64.9,42.1,39.9,58.3,50.6,79.5,44.9,68.6,2,1,0,0,CSE,1
6.86,59.5,63.4,63.0,52.0,67.0,55.5,76.2,69.3,59.3,1,2,4,0,CIVIL,0
7.84,54.1,69.2,51.6,41.4,78.2,71.4,79.9,83.3,32.7,5,0,0,0,CSE,1
7.6,75.1,72.0,87.1,66.3,71.0,79.0,58.8,75.2,48.2,2,0,2,0,ECE,0
6.88,43.9,46.9,37.5,47.4,70.0,75.1,68.7,66.2,83.3,2,2,1,1,CSE,1
8.24,71.2,78.2,71.1,64.4,51.5,50.0,50.2,54.3,64.8,1,2,1,2,MECH,0
6.23,96.3,100.0,97.8,91.0,65.1,84.1,56.0,55.3,57.2,3,2,0,1,MECH,0
7.75,48.7,54.4,41.2,50.6,58.9,59.3,55.4,61.9,78.8,1,1,1,0,IT,0
7.73,66.8,74.6,52.9,72.9,57.6,59.5,58.4,55.0,45.0,4,0,2,0,MECH,0
6.92,50.1,53.2,52.3,44.9,80.9,69.0,85.5,88.1,58.6,2,1,1,0,CSE,0
7.49,75.5,66.4,79.2,80.9,69.7,72.2,51.8,85.2,64.1,2,0,3,0,CSE,1
6.07,69.0,67.9,62.6,76.5,98.0,100.0,100.0,94.0,55.4,5,0,0,0,IT,1
8.03,52.5,63.5,49.2,44.7,94.5,100.0,100.0,83.6,63.5,1,0,2,0,IT,1
7.03,70.9,70.0,79.2,63.6,54.5,46.5,60.9,56.1,59.2,3,0,1,0,IT,0
6.73,95.5,98.8,87.6,100.0,5.0,5.0,5.0,5.0,41.0,0,1,0,2,IT,0
8.14,64.3,73.9,58.2,60.9,79.4,85.5,66.5,86.1,64.7,4,0,2,0,IT,0
6.57,65.6,67.7,76.3,52.9,47.2,56.7,44.2,40.7,42.1,1,1,3,0,EEE,0
5.93,42.1,40.2,53.1,32.9,43.4,46.4,45.2,38.7,64.5,2,1,3,0,CSE,1
5.8,56.8,50.5,70.7,49.1,61.3,58.7,66.9,58.3,82.6,1,0,0,2,CSE,0
7.75,70.8,74.1,78.2,60.0,52.7,44.3,51.9,61.8,57.8,3,0,2,0,IT,0
6.05,86.1,81.6,95.1,81.6,75.0,86.0,74.9,64.2,44.4,1,2,1,0,IT,1
8.78,72.3,80.8,65.9,70.3,30.4,43.4,27.6,20.2,60.1,6,0,2,0,CSE,1
5.33,63.9,64.0,52.4,75.2,49.7,28.2,46.5,74.5,49.5,3,0,1,1,CSE,0
8.73,64.3,65.3,65.5,62.1,70.5,55.1,82.6,73.7,70.9,2,0,0,1,ECE,0
7.39,47.5,36.0,48.4,58.2,69.5,60.1,80.5,67.9,59.8,5,2,0,0,CSE,1
7.11,71.8,62.9,64.8,87.8,75.8,77.7,70.1,79.6,87.6,0,0,2,0,MECH,1
6.71,82.4,79.6,76.0,91.7,44.2,33.8,53.4,45.4,79.4,2,1,3,0,CSE,1
7.56,55.0,41.6,61.9,61.5,47.1,40.1,49.1,52.0,59.7,2,0,1,1,CSE,0
7.17,55.5,66.5,61.3,38.8,55.1,55.9,56.5,53.0,72.7,1,1,2,1,IT,0
8.19,71.2,67.5,72.8,73.3,67.9,63.4,75.2,65.0,56.1,1,2,2,1,CIVIL,0
7.3,71.8,84.8,61.2,69.4,89.4,87.8,96.3,84.1,62.5,2,1,2,0,ECE,1
7.34,68.6,82.5,60.0,63.3,16.4,14.5,23.9,10.7,56.6,1,0,1,0,IT,0
6.87,94.4,92.9,90.3,100.0,66.8,62.2,62.7,75.6,73.5,2,1,3,0,CSE,0
7.15,60.9,60.7,52.0,70.1,30.9,31.2,33.5,27.9,83.5,2,0,0,1,IT,1
7.48,69.3,67.9,74.3,65.7,23.2,28.7,22.7,18.3,74.0,2,2,3,0,CSE,1
5.66,64.1,69.6,56.0,66.8,75.6,78.8,73.7,74.3,75.8,2,3,2,0,ECE,0
5.99,71.6,62.3,73.6,78.8,66.1,70.3,68.5,59.6,75.8,5,1,1,0,ECE,0
7.87,46.9,48.2,55.0,37.5,62.0,67.9,51.0,67.1,70.3,7,2,1,0,CSE,1
7.35,60.4,50.9,79.4,50.9,78.3,68.2,84.3,82.5,44.9,2,0,2,0,CSE,0
7.03,86.2,88.2,74.9,95.5,44.9,48.8,24.2,61.8,87.5,1,2,1,1,EEE,0
7.22,82.3,88.8,81.4,76.8,64.4,52.7,79.8,60.8,89.1,3,1,2,1,ECE,0
7.51,59.8,65.2,59.9,54.4,92.5,83.4,100.0,94.1,58.5,1,0,3,0,MECH,0
6.71,33.8,29.3,43.7,28.4,53.6,51.2,53.2,56.3,56.4,1,0,1,0,CSE,0
6.5,81.4,60.6,86.8,96.9,75.2,76.4,72.6,76.6,71.2,2,1,2,1,ECE,1
7.38,68.1,62.3,69.9,72.2,51.0,47.3,63.1,42.5,70.3,2,0,3,0,CSE,0
6.32,72.2,69.4,80.1,67.2,32.4,40.1,22.7,34.3,59.0,0,0,3,1,CSE,0
7.57,29.7,21.3,29.0,38.9,25.3,37.9,27.2,10.7,43.2,1,1,4,1,ECE,0
5.67,74.9,78.7,75.4,70.7,52.3,37.7,48.7,70.6,66.6,4,2,1,1,MECH,1
8.13,53.0,54.4,50.5,54.2,80.8,91.5,77.0,73.9,70.3,2,1,2,0,IT,1
7.63,82.1,74.3,91.8,80.3,72.9,72.0,75.2,71.6,72.9,2,1,3,0,EEE,0
7.43,62.9,61.5,54.0,73.3,70.0,79.7,62.4,67.8,67.2,0,1,1,0,ECE,0
8.08,55.6,50.4,61.3,55.0,39.6,38.3,43.6,36.9,57.9,3,0,0,2,IT,0
8.7,68.6,56.3,60.7,88.7,95.3,96.7,89.1,100.0,76.9,1,1,0,0,MECH,1
8.11,69.8,63.8,81.3,64.3,48.5,47.7,44.9,53.0,63.0,8,1,0,0,ECE,1
5.54,58.6,60.8,65.7,49.4,55.0,55.5,61.5,48.1,55.0,0,1,0,1,ECE,0
6.05,71.0,77.4,66.4,69.3,64.8,48.2,71.2,74.9,59.3,0,0,4,0,IT,1
6.64,90.3,95.2,98.7,77.0,55.0,42.4,53.5,69.0,35.8,4,2,1,0,IT,0
7.22,40.3,44.4,48.3,28.2,83.2,84.6,85.0,79.9,59.3,2,1,2,0,MECH,0
7.67,84.2,79.7,95.4,77.6,55.3,53.7,61.0,51.1,72.3,3,0,0,0,CSE,1
6.55,62.9,65.0,66.4,57.2,38.9,43.6,36.3,36.9,67.1,0,1,2,0,CSE,0
7.37,41.8,35.0,47.6,42.9,67.3,59.2,62.5,80.1,84.8,0,0,1,1,MECH,1
6.52,44.4,47.8,33.9,51.6,46.3,41.6,52.2,45.2,58.1,1,2,1,1,MECH,0
6.65,66.7,73.8,68.9,57.3,100.0,100.0,100.0,100.0,69.3,3,1,0,0,IT,0
5.93,74.5,66.1,81.3,76.1,73.0,83.0,68.9,67.2,73.9,3,1,0,1,CSE,0
6.37,62.1,58.5,55.5,72.2,50.9,48.2,65.9,38.7,97.1,4,1,1,0,ECE,1
5.98,83.0,88.8,81.8,78.5,49.5,43.5,41.0,64.0,64.2,1,2,3,0,CSE,0
6.32,45.9,54.7,40.9,42.0,17.6,17.3,19.4,16.2,46.3,0,1,0,0,IT,0
8.15,60.9,61.2,53.0,68.5,46.7,45.9,49.4,44.8,74.7,2,0,1,0,CSE,0
6.35,37.0,41.9,40.9,28.1,53.6,57.4,58.9,44.5,90.0,3,1,1,0,ECE,1
9.57,53.8,54.3,61.0,46.2,88.5,94.7,90.5,80.3,57.2,3,1,0,1,CSE,1
7.64,77.7,78.2,74.1,80.9,74.0,86.8,51.8,83.3,74.6,2,2,6,0,ECE,1
7.37,64.2,75.4,53.2,64.0,59.5,58.9,63.9,55.6,80.4,3,1,2,1,ECE,1
6.43,31.8,30.8,15.5,49.2,54.5,53.2,49.9,60.4,77.3,1,0,2,0,IT,0
7.83,73.7,67.6,84.0,69.4,58.3,59.1,53.9,61.9,63.9,0,1,2,0,CSE,0
6.68,78.0,73.7,81.1,79.3,48.5,37.0,45.7,62.8,51.5,3,0,2,0,CSE,0
7.31,67.9,70.6,64.4,68.7,88.0,80.6,83.5,100.0,60.8,2,1,2,1,IT,0
9.5,81.9,75.8,84.5,85.3,55.3,58.8,56.3,50.9,68.9,4,0,4,0,IT,0
7.11,58.9,56.6,53.3,66.7,55.3,61.8,44.9,59.3,75.6,4,1,2,1,ECE,0
8.23,71.2,76.3,84.1,53.3,24.5,23.8,25.5,24.2,67.0,1,1,1,0,CSE,1
6.57,80.9,81.8,75.1,85.8,62.3,53.7,70.3,62.9,56.3,2,1,1,0,EEE,1
7.17,47.5,32.3,48.8,61.5,78.3,83.6,77.0,74.4,70.3,3,1,3,0,EEE,1
8.79,72.4,79.9,65.1,72.3,45.4,42.5,49.9,43.8,74.9,1,1,1,0,IT,1
6.64,61.7,63.3,47.3,74.4,52.4,54.3,58.2,44.8,67.7,3,3,3,0,IT,0
8.83,62.2,59.4,69.7,57.6,72.0,55.7,85.8,74.6,49.5,3,2,3,0,MECH,1
7.84,75.9,77.9,80.2,69.5,35.5,5.0,53.6,47.9,59.3,4,0,1,2,EEE,0
6.69,63.9,54.2,78.9,58.5,79.4,80.8,73.0,84.4,76.2,1,1,0,0,CIVIL,1
7.77,42.9,49.3,45.9,33.4,46.2,36.7,43.8,58.0,41.3,6,0,0,0,IT,0
8.08,61.4,59.4,71.1,53.8,57.7,51.3,61.2,60.6,30.6,5,1,3,2,MECH,1
7.76,40.3,35.6,46.5,38.8,41.8,37.9,48.0,39.4,84.6,2,1,2,0,CSE,1
5.79,55.9,53.6,56.1,58.0,75.4,82.3,74.2,69.6,69.7,3,1,2,0,IT,1
6.55,68.6,59.9,62.7,83.2,97.0,100.0,100.0,91.0,71.1,1,1,2,0,IT,0
6.98,43.4,39.1,38.8,52.2,78.1,74.9,73.4,86.0,45.8,5,2,4,0,IT,1
7.13,69.5,57.7,68.1,82.6,40.3,53.7,49.6,17.5,73.1,0,1,0,0,ECE,1
7.76,70.9,70.8,72.1,69.8,77.0,83.0,69.5,78.4,66.1,6,0,2,1,CSE,0
7.36,42.7,39.6,35.7,52.9,64.0,50.0,76.0,66.0,38.2,2,0,2,0,MECH,1
6.0,56.4,52.9,60.8,55.6,81.3,94.1,80.0,69.7,83.4,0,0,1,1,ECE,0
7.54,81.9,73.4,89.9,82.3,70.3,62.6,70.6,77.7,64.4,2,3,3,1,MECH,1
7.75,48.9,41.9,56.1,48.6,8.2,13.2,6.5,5.0,56.1,3,3,1,0,CSE,1
7.7,66.3,62.2,71.4,65.3,34.4,27.5,36.5,39.2,56.3,1,0,0,0,ECE,1
8.17,69.7,67.1,74.8,67.3,77.5,78.1,68.8,85.5,31.8,0,1,1,1,IT,0
7.95,76.8,78.5,66.2,85.7,62.1,64.5,57.3,64.6,70.9,3,1,2,0,ECE,0
7.61,59.0,54.4,72.4,50.2,36.9,59.4,28.9,22.3,65.9,0,2,0,0,EEE,1
7.14,51.8,58.1,51.8,45.6,38.2,33.6,41.4,39.5,59.1,2,0,1,1,CSE,1
5.71,93.1,95.3,92.2,91.8,35.3,21.6,47.1,37.3,81.2,3,1,2,4,CSE,0
7.59,94.2,94.0,100.0,88.5,65.2,66.7,65.9,63.0,41.2,5,0,2,0,EEE,1
7.39,77.3,75.4,82.4,74.2,100.0,100.0,100.0,100.0,53.0,4,0,2,0,ECE,1
7.44,65.9,68.3,54.2,75.1,83.8,75.5,85.5,90.5,49.2,0,0,2,0,CSE,0
6.05,48.6,51.8,46.3,47.6,93.8,87.7,100.0,93.8,57.8,3,2,0,1,IT,1
6.23,56.3,53.4,64.0,51.4,75.5,69.1,57.3,100.0,63.0,0,2,4,1,IT,0
8.15,75.7,69.7,71.0,86.3,77.6,89.9,65.2,77.7,68.5,6,1,2,0,ECE,1
7.16,75.7,69.5,71.5,86.2,87.5,93.0,85.5,83.9,56.8,4,1,1,0,CSE,1
7.81,92.3,86.3,90.7,100.0,64.0,70.2,61.7,60.1,48.8,4,0,1,0,ECE,1
7.23,72.4,66.2,79.7,71.3,47.9,55.7,53.8,34.2,87.3,4,0,1,0,ECE,1
7.23,46.1,35.8,46.2,56.3,77.5,65.7,73.1,93.6,98.2,2,0,1,0,EEE,0
8.04,72.3,68.6,78.1,70.2,93.7,94.1,86.9,100.0,64.1,1,1,3,0,MECH,1
6.74,42.9,38.2,48.5,42.0,50.3,56.9,52.2,41.7,50.6,1,1,5,0,IT,1
7.29,50.8,49.9,66.5,36.1,52.3,70.8,40.5,45.5,84.1,1,2,5,1,IT,1
6.78,76.0,69.8,72.9,85.2,52.0,52.2,40.6,63.3,40.3,1,0,5,0,CSE,0
6.81,87.0,85.8,90.9,84.3,70.4,82.4,64.2,64.5,57.0,0,1,1,1,IT,0
6.92,100.0,100.0,100.0,100.0,61.5,60.5,68.1,56.0,51.6,2,0,5,0,CSE,0
7.4,70.2,73.8,72.5,64.4,34.8,37.4,33.3,33.7,44.6,3,3,2,2,MECH,0
6.77,57.2,46.7,55.6,69.4,90.2,100.0,81.2,89.3,57.8,2,2,3,0,MECH,0
8.33,70.9,77.7,66.4,68.7,39.3,28.4,44.2,45.2,49.0,2,2,1,0,IT,1
6.39,72.6,83.9,69.6,64.4,51.8,53.4,44.2,57.7,62.2,3,0,2,0,CSE,0
7.03,58.6,52.6,58.3,64.9,47.1,39.0,43.4,59.0,62.4,5,1,1,1,CSE,1
6.8,89.8,93.5,100.0,75.8,98.0,98.9,95.1,100.0,52.7,2,1,1,0,MECH,0
8.5,61.0,61.4,61.8,59.8,63.1,68.0,55.6,65.8,56.4,3,2,0,2,MECH,0
7.38,65.7,72.7,73.5,50.9,47.3,56.7,32.4,52.8,58.5,4,1,2,0,CSE,1
8.13,64.5,64.2,69.1,60.1,75.6,73.4,73.2,80.2,74.1,1,2,0,0,ECE,1
5.86,66.0,56.6,68.8,72.7,68.8,75.1,64.4,66.9,59.8,0,0,6,1,CSE,0
7.44,65.2,73.7,64.7,57.1,60.6,58.0,65.9,57.8,74.4,4,1,2,0,CSE,1
8.0,50.5,55.4,54.6,41.5,77.5,74.3,78.3,79.8,70.8,2,0,2,0,CSE,1
7.27,55.6,54.0,55.6,57.2,38.4,35.1,45.3,34.7,70.6,6,1,1,1,ECE,0
8.16,46.1,40.1,53.9,44.2,56.9,62.7,43.6,64.3,82.8,1,4,0,1,CSE,1
6.73,77.3,68.0,72.9,91.1,32.8,28.8,29.6,40.1,45.2,2,0,0,0,CSE,0
8.47,79.5,78.1,66.3,94.2,38.7,41.4,44.4,30.3,54.9,1,1,3,1,CSE,0
9.27,71.3,71.0,80.1,62.7,89.2,82.7,92.2,92.7,88.4,1,1,4,1,IT,1
6.87,91.3,89.9,90.1,94.0,92.5,83.3,100.0,94.3,58.1,3,0,3,0,ECE,1
6.8,66.2,59.6,66.5,72.4,60.3,59.4,65.7,55.7,19.8,4,0,0,1,CSE,0
8.51,75.5,83.7,74.3,68.4,87.8,72.9,97.4,93.1,59.0,4,0,0,0,MECH,1
8.62,40.2,40.3,45.6,34.8,52.6,40.4,58.6,58.9,64.0,1,0,2,0,CSE,1
6.73,61.4,63.5,61.3,59.5,51.2,49.9,62.6,41.2,22.7,4,2,2,0,IT,0
6.82,78.6,84.2,78.5,73.0,61.6,66.2,53.0,65.6,82.0,0,2,4,1,CSE,1
6.95,72.0,80.7,62.9,72.5,50.5,51.3,53.3,46.9,51.3,1,0,0,1,CSE,0
5.99,60.4,59.3,56.6,65.3,57.2,46.2,59.8,65.7,66.9,3,0,0,2,CSE,0
6.37,59.4,59.8,62.0,56.5,75.6,71.3,82.9,72.7,58.6,3,1,1,1,CSE,0
6.3,43.3,52.0,45.8,32.2,62.2,58.0,67.6,60.9,42.7,3,1,1,0,MECH,1
6.51,59.7,48.6,69.5,61.1,79.2,68.6,83.1,85.8,45.9,1,2,1,0,ECE,0
7.17,74.1,69.7,71.3,81.3,81.7,99.2,63.3,82.5,48.0,5,0,4,0,MECH,0
7.41,66.8,69.9,69.1,61.3,63.3,77.1,56.9,55.8,78.3,2,0,3,0,CSE,1
8.6,77.0,81.9,67.9,81.3,44.3,53.8,45.8,33.4,59.8,0,2,2,0,IT,0
6.3,58.7,68.7,59.3,48.0,36.5,48.7,29.8,31.0,54.2,2,3,1,0,CSE,1
8.09,59.7,57.4,62.3,59.3,71.8,52.5,96.3,66.5,48.0,4,1,2,0,EEE,1
7.01,56.1,53.3,61.9,53.2,55.9,44.9,62.2,60.7,79.9,0,3,1,0,CIVIL,1
7.16,68.2,69.9,66.4,68.4,54.7,50.4,60.7,53.1,84.0,3,0,2,0,MECH,0
7.81,68.2,65.2,74.3,65.2,58.6,73.1,54.6,48.1,79.8,1,1,2,1,CSE,0
6.19,76.2,79.7,58.3,90.6,99.2,98.4,99.1,100.0,69.4,2,1,5,1,IT,1
7.54,49.6,46.7,53.1,49.1,32.7,24.9,37.7,35.6,66.3,3,1,2,0,CSE,1
7.35,46.4,47.7,32.2,59.3,32.3,21.9,27.3,47.7,43.8,6,0,2,0,CSE,0
7.64,88.5,87.0,93.8,84.7,63.5,63.3,61.1,66.0,58.3,4,0,3,1,CSE,0
7.46,60.8,67.0,56.1,59.2,59.6,56.3,50.9,71.7,51.7,2,4,1,1,CSE,1
9.41,47.4,49.2,35.3,57.7,66.8,67.9,78.8,53.7,34.6,2,0,1,0,IT,0
6.63,77.4,73.5,58.7,100.0,66.5,61.6,83.8,54.2,77.9,6,1,3,0,IT,0
6.72,52.5,48.0,59.8,49.6,81.2,88.7,84.4,70.6,51.6,5,1,0,0,IT,0
6.64,76.3,75.6,84.7,68.6,31.8,28.0,21.0,46.3,79.9,2,0,1,0,EEE,1
6.7,73.4,77.6,76.6,66.1,57.7,49.0,55.9,68.1,75.2,1,1,3,0,CSE,0
6.63,78.6,84.9,75.9,74.9,72.2,74.2,82.8,59.5,70.4,5,0,0,0,CSE,0
8.27,40.3,37.0,55.2,28.6,74.0,66.7,86.8,68.5,71.2,3,1,3,0,ECE,1
8.48,79.6,79.0,77.7,82.2,92.4,91.6,100.0,85.6,52.8,2,0,1,0,ECE,0
6.69,76.3,67.4,75.8,85.6,76.9,82.2,90.5,58.1,89.9,4,2,5,2,CSE,0
6.45,52.3,48.7,46.8,61.3,58.8,50.5,59.6,66.2,62.6,1,2,2,0,MECH,1
7.62,65.2,71.7,59.8,64.1,46.4,41.0,51.1,47.1,66.5,4,0,1,0,IT,1
6.7,31.3,34.3,25.7,34.0,50.0,56.0,43.6,50.5,52.3,6,2,2,1,IT,1
7.77,72.5,69.2,68.5,79.7,53.1,70.5,52.8,35.9,48.0,3,0,1,0,IT,0
7.38,46.5,47.0,50.2,42.3,83.0,77.2,84.4,87.5,69.2,3,0,2,0,IT,0
5.84,50.4,39.7,47.0,64.5,62.3,69.1,58.5,59.3,65.3,3,0,5,0,ECE,1
8.59,50.3,43.6,44.2,63.0,38.2,42.8,28.9,42.8,50.2,4,0,2,1,IT,1
8.82,78.4,78.9,73.2,83.1,44.5,41.9,53.6,38.0,40.4,6,1,2,1,CSE,1
6.65,54.7,53.2,54.7,56.1,73.9,76.1,72.7,73.0,43.0,4,3,3,0,MECH,1
6.85,84.0,80.6,74.5,96.8,69.0,65.7,72.5,68.9,79.9,2,0,2,0,IT,0
7.46,65.6,60.1,68.4,68.4,70.3,72.9,65.1,72.9,52.8,1,2,4,0,ECE,1
7.5,42.0,54.3,38.7,33.0,73.2,67.7,83.7,68.1,56.9,1,0,1,0,IT,0
7.79,46.7,50.5,45.5,44.1,86.3,91.4,74.8,92.6,83.8,3,0,4,0,IT,0
9.01,84.8,90.3,95.0,69.1,63.4,60.9,76.6,52.7,45.2,2,1,0,0,CSE,0
7.04,57.2,51.7,52.9,66.9,51.7,54.0,45.8,55.4,51.1,4,0,2,1,EEE,0
6.48,57.0,58.6,48.3,64.0,34.8,32.2,26.5,45.6,50.5,3,0,0,0,EEE,1
5.96,56.9,58.5,58.5,53.7,64.7,61.0,66.6,66.6,86.3,4,1,1,1,CSE,0
6.54,66.4,60.2,71.5,67.5,22.5,32.4,16.0,19.2,91.9,2,1,3,1,CSE,1
7.17,75.3,74.7,84.1,67.2,50.0,60.1,45.8,44.1,73.3,3,1,0,0,CIVIL,1
8.82,87.4,94.8,91.2,76.3,46.4,56.3,39.7,43.3,73.8,5,1,3,0,MECH,1
6.73,71.2,67.6,80.5,65.5,35.7,55.8,36.7,14.7,53.3,2,1,0,1,ECE,1
7.4,38.6,48.4,28.4,39.1,45.7,30.6,54.0,52.4,91.2,4,0,2,0,IT,0
7.19,55.7,46.9,64.1,56.2,74.8,62.7,79.6,82.0,66.0,3,0,2,0,MECH,0
8.27,61.2,67.1,64.2,52.4,72.6,81.0,64.5,72.4,74.8,3,0,6,0,CSE,1
9.47,51.4,53.9,46.8,53.4,64.5,62.2,66.5,64.8,60.4,0,0,1,1,ECE,1
6.72,50.3,53.0,46.6,51.2,57.2,62.8,64.9,43.9,58.0,2,0,2,3,IT,0
6.76,60.0,55.1,62.5,62.5,49.4,49.6,47.3,51.3,86.9,1,1,5,0,EEE,1
8.14,65.8,57.2,77.8,62.4,78.4,85.6,66.9,82.8,70.1,0,1,1,0,CSE,1
7.81,68.1,64.9,72.2,67.3,63.7,67.5,60.1,63.5,83.8,2,4,5,0,ECE,1
8.86,53.2,58.7,54.6,46.2,30.3,24.3,33.6,33.0,65.8,7,2,3,0,ECE,1
7.73,54.6,44.2,72.6,47.0,91.3,86.3,96.2,91.4,49.3,3,1,0,0,MECH,1
6.88,53.6,50.8,40.0,70.1,67.7,62.9,73.9,66.4,53.2,3,2,0,1,ECE,1
7.73,72.2,78.6,66.8,71.1,53.2,52.5,56.0,51.2,63.5,3,1,2,1,MECH,1
8.2,75.6,86.3,62.1,78.5,31.9,27.5,35.9,32.3,52.6,1,2,3,0,MECH,0
7.94,42.5,44.7,33.6,49.3,69.6,79.3,52.9,76.6,45.4,2,0,1,0,IT,1
7.66,65.7,56.6,53.3,87.3,61.0,67.2,62.1,53.7,80.0,1,0,1,2,CSE,0
8.16,38.0,37.6,44.9,31.6,82.9,83.1,92.0,73.5,53.8,3,2,1,0,ECE,1
8.25,52.7,40.6,57.1,60.4,42.9,52.0,30.2,46.4,64.1,1,0,3,1,MECH,0
8.44,56.7,60.7,52.5,56.8,41.4,44.4,37.4,42.3,66.4,3,2,2,0,CSE,0
7.78,47.7,52.7,51.1,39.3,73.6,67.4,68.3,85.2,53.2,6,0,5,0,ECE,1
7.05,54.0,63.2,54.0,44.9,74.5,71.3,76.9,75.3,83.8,4,3,4,0,CSE,1
7.33,51.0,56.6,56.8,39.7,58.7,60.2,54.8,61.0,45.2,2,1,1,0,CSE,0
8.29,63.9,71.3,52.8,67.5,72.6,87.6,71.1,59.0,65.9,2,2,2,0,ECE,1
6.46,62.9,69.0,68.5,51.2,64.4,68.8,57.3,67.2,65.7,3,0,2,0,ECE,0
7.53,53.4,50.4,45.4,64.4,64.4,73.3,62.4,57.5,61.2,2,2,2,0,ECE,1
6.85,66.2,66.4,64.3,68.0,78.3,83.5,72.6,78.8,42.5,1,1,2,0,MECH,1
7.23,64.6,70.7,61.6,61.6,69.7,59.5,64.2,85.4,75.1,3,0,1,0,CSE,0
8.35,57.4,53.7,61.9,56.5,55.1,56.7,46.3,62.2,73.2,3,0,2,0,CSE,0
7.37,88.8,100.0,81.6,84.8,82.1,92.7,86.8,66.7,51.9,3,2,1,0,MECH,1
7.24,83.9,81.2,83.8,86.6,12.6,7.2,25.5,5.0,72.6,4,2,0,0,ECE,0
5.98,42.4,57.4,34.6,35.2,93.8,100.0,87.2,94.2,67.6,1,0,2,0,CSE,1
7.87,74.7,65.4,85.8,73.0,39.8,54.2,46.2,18.9,42.8,1,0,2,0,EEE,0
7.78,74.5,81.0,74.7,67.8,54.0,60.0,46.2,55.8,49.2,1,0,2,0,MECH,0
9.15,47.0,43.0,57.9,40.0,69.2,73.4,74.6,59.7,79.1,2,1,1,0,ECE,1
6.92,64.3,65.1,72.3,55.4,56.7,59.7,51.1,59.2,66.6,0,0,1,0,EEE,0
7.4,90.2,88.3,82.3,99.9,71.2,86.8,56.8,70.0,53.5,0,1,4,0,CSE,1
7.42,47.7,57.4,43.2,42.4,46.7,34.8,46.0,59.4,49.1,2,1,1,0,CSE,0
8.62,56.1,45.4,59.2,63.8,77.4,72.4,66.9,92.9,54.3,0,0,1,1,MECH,0
7.11,76.9,67.3,73.6,89.9,51.5,56.7,50.5,47.4,55.3,2,0,0,1,ECE,0
7.45,66.0,68.1,74.0,55.9,65.0,67.9,58.6,68.5,49.3,2,0,0,1,CSE,0
7.75,67.8,72.0,69.7,61.8,63.5,72.1,58.6,59.9,35.9,4,0,1,0,ECE,0
7.37,74.5,74.2,54.0,95.4,57.2,56.2,56.5,59.0,79.1,5,2,1,1,ECE,0
6.8,77.3,78.1,65.9,88.0,46.2,48.8,47.6,42.3,76.6,4,1,1,0,CSE,0
7.37,43.0,46.0,37.0,46.1,50.8,52.3,59.7,40.5,42.9,1,0,0,0,ECE,0
8.17,85.5,94.5,79.9,82.2,58.3,54.6,66.7,53.5,64.0,2,0,1,1,CSE,0
6.28,76.7,83.2,71.9,75.1,80.2,78.3,82.1,80.1,48.5,3,1,2,0,IT,1
7.32,64.8,59.0,69.2,66.1,41.6,32.6,47.5,44.6,58.1,4,2,0,1,ECE,0
6.57,57.5,51.5,63.7,57.2,39.0,55.7,41.8,19.4,56.8,3,1,1,1,CSE,0
8.28,35.6,41.5,42.1,23.2,68.2,70.9,58.9,74.9,55.6,3,2,2,0,CSE,1
5.83,68.6,69.5,77.4,59.0,56.3,54.2,55.7,59.1,92.0,1,0,1,0,MECH,0
6.7,78.2,80.7,80.7,73.2,64.8,65.8,40.9,87.6,55.4,2,0,0,2,ECE,0
7.54,61.5,67.8,64.0,52.8,43.1,42.3,38.7,48.3,49.9,0,0,1,1,IT,0
8.61,75.3,71.3,74.6,80.1,26.8,36.6,28.9,15.0,50.6,2,0,2,1,CSE,1
7.14,52.5,61.7,46.1,49.6,47.2,56.4,56.6,28.6,77.7,3,2,4,1,IT,0
6.7,70.3,78.3,67.4,65.1,41.3,39.9,44.3,39.8,37.2,0,0,4,0,ECE,0
8.89,56.0,62.9,45.8,59.3,54.9,50.2,62.1,52.4,50.6,5,0,1,0,CSE,0
5.9,68.1,71.8,65.5,67.1,47.2,55.7,27.4,58.6,83.7,6,0,2,0,IT,0
5.22,63.6,68.6,59.8,62.5,70.0,65.4,72.0,72.5,65.7,4,0,4,1,IT,0
7.6,73.1,68.6,73.7,76.9,53.5,55.7,38.3,66.4,64.9,7,1,2,0,IT,1
6.75,60.8,62.9,54.9,64.6,54.5,63.8,50.5,49.3,94.0,2,2,4,3,CSE,0
6.28,71.2,73.2,62.7,77.6,66.3,65.8,60.8,72.3,65.7,1,0,2,1,CSE,0
7.84,74.6,65.9,86.0,72.0,72.8,71.9,76.1,70.5,51.4,3,1,1,0,CIVIL,1
7.42,57.4,56.1,61.6,54.6,49.9,47.0,63.3,39.4,57.8,4,0,1,2,CIVIL,0
6.69,35.9,36.3,42.0,29.5,66.8,49.6,68.9,81.9,45.0,3,0,1,1,IT,1
6.05,87.5,92.5,84.7,85.2,44.8,40.8,46.3,47.4,80.8,4,1,3,0,EEE,1
7.99,89.2,94.2,79.3,94.0,88.1,100.0,76.7,87.7,70.6,4,1,1,1,ECE,1
7.79,47.4,42.1,40.1,59.9,58.0,76.2,50.5,47.3,78.9,2,0,1,0,CSE,0
7.11,70.0,55.5,70.3,84.3,49.5,56.0,42.0,50.5,80.2,3,0,2,0,CSE,0
8.86,52.9,54.7,64.0,40.0,54.0,61.3,49.3,51.3,55.8,3,0,2,0,IT,1
6.24,74.1,76.0,66.9,79.5,44.4,27.7,51.5,53.9,47.8,3,1,2,1,ECE,1
5.83,60.8,73.4,58.3,50.7,64.9,47.9,67.4,79.5,61.2,7,2,5,0,ECE,1
6.58,70.6,65.1,75.9,70.7,93.1,91.4,100.0,87.8,48.9,3,2,3,0,CIVIL,0
7.16,52.9,51.8,56.6,50.3,55.8,44.6,56.2,66.5,64.5,0,2,3,0,EEE,1
7.42,50.5,45.1,44.1,62.4,65.2,78.7,48.9,68.0,79.0,1,1,2,1,MECH,1
6.98,47.9,56.3,48.6,38.8,33.3,38.8,24.3,36.7,59.5,2,1,0,0,MECH,0
7.52,55.3,46.7,54.2,65.1,60.5,70.0,59.2,52.4,64.2,4,2,0,0,MECH,1
6.07,69.5,81.5,77.7,49.4,43.0,36.0,26.8,66.1,60.6,1,3,2,1,IT,0
8.5,51.3,59.5,46.1,48.3,38.7,39.8,39.1,37.1,74.0,6,2,1,1,CSE,1
7.13,72.3,69.9,82.4,64.6,53.7,43.8,65.7,51.5,52.0,2,1,3,0,ECE,1
8.21,82.1,80.9,97.0,68.3,73.5,79.4,78.5,62.5,29.1,2,0,2,1,ECE,0
7.51,55.3,56.1,51.9,57.8,82.7,81.0,96.3,70.9,69.1,5,2,0,0,IT,0
7.61,73.0,66.4,66.1,86.4,62.4,50.1,68.7,68.3,76.8,4,1,0,0,MECH,1
7.71,81.1,80.9,63.7,98.7,48.4,51.8,37.9,55.6,68.7,2,2,0,0,CIVIL,1
7.6,71.9,73.1,70.0,72.6,82.9,91.3,83.2,74.3,52.4,2,2,2,0,ECE,1
7.78,67.7,60.2,65.8,77.2,49.2,36.5,53.1,58.1,45.0,1,0,2,0,IT,1
8.4,83.0,90.5,80.7,77.7,25.6,15.4,27.6,33.7,69.4,0,0,1,0,MECH,1
7.38,76.4,72.1,80.5,76.7,65.0,74.7,62.0,58.4,64.1,2,1,3,0,CSE,1
7.84,46.6,53.8,41.7,44.3,40.7,38.9,26.1,57.2,60.1,3,0,1,1,CSE,1
7.12,70.9,72.3,61.4,79.1,85.0,92.7,100.0,62.2,89.3,3,0,2,0,MECH,0
8.5,80.1,80.3,77.3,82.8,52.6,58.5,52.1,47.3,47.8,2,1,1,0,EEE,1
6.59,54.0,56.8,56.7,48.5,69.2,65.4,67.0,75.1,88.6,3,1,2,0,IT,1
8.82,60.9,50.4,67.5,64.8,81.3,83.7,85.0,75.3,62.5,2,2,2,0,MECH,1
7.16,78.9,90.7,72.0,74.0,39.7,40.1,37.0,42.1,34.5,3,0,1,2,IT,1
5.91,68.6,72.4,63.1,70.3,49.2,43.1,51.6,52.8,59.3,4,3,2,0,ECE,1
7.32,79.4,76.8,92.1,69.4,59.3,49.6,71.6,56.8,76.4,2,4,0,0,ECE,0
6.59,95.6,89.3,100.0,97.6,90.9,93.2,84.9,94.5,56.5,0,1,3,1,CSE,0
7.96,60.3,56.8,51.0,73.1,47.0,57.3,37.2,46.5,39.9,0,1,1,0,CSE,0
6.61,48.5,46.4,41.7,57.3,52.1,55.9,48.3,52.2,59.5,3,1,3,0,MECH,0
6.8,74.2,72.1,67.9,82.7,75.5,83.3,63.5,79.6,49.1,2,1,3,0,CSE,1
5.5,80.0,76.6,88.2,75.3,55.8,44.8,64.4,58.1,69.4,1,1,2,0,CSE,0
6.79,63.7,65.8,60.3,65.0,74.7,79.3,74.3,70.5,73.6,6,1,5,1,IT,1
5.02,92.5,96.9,85.2,95.4,27.1,24.6,34.7,22.1,46.2,3,1,0,0,CSE,1
5.77,51.7,50.8,42.4,61.9,90.8,87.5,84.9,100.0,51.4,4,1,3,0,MECH,0
7.88,68.3,66.3,83.5,55.2,24.2,19.5,24.8,28.3,73.3,4,3,3,0,CSE,1
7.91,61.0,67.4,72.2,43.4,48.8,50.1,54.7,41.7,49.1,5,0,2,0,ECE,1
7.58,97.6,100.0,92.7,100.0,58.6,54.4,62.8,58.7,45.8,3,1,1,1,IT,0
6.33,94.6,100.0,93.6,90.1,90.0,97.8,88.8,83.5,44.3,5,1,0,0,MECH,1
7.16,49.1,45.3,54.6,47.5,39.3,39.9,32.7,45.4,67.3,4,2,5,1,ECE,1
7.2,47.4,59.2,38.2,44.8,89.9,81.8,87.8,100.0,66.6,2,1,0,0,IT,1
6.16,71.6,60.4,83.0,71.5,65.1,68.9,72.6,53.8,51.7,3,0,0,0,CIVIL,0
8.55,56.8,64.0,60.7,45.6,55.2,63.4,43.3,58.8,62.1,7,0,1,1,CSE,0
7.99,71.0,60.0,67.8,85.3,28.8,25.5,32.2,28.7,84.9,7,1,2,1,ECE,1
7.0,68.5,80.7,59.7,65.1,62.8,59.9,63.4,65.1,47.4,1,1,1,0,CIVIL,0
7.22,34.8,31.9,35.0,37.5,50.7,40.0,59.8,52.3,32.7,2,0,3,1,ECE,0
7.39,61.2,51.3,61.5,70.7,82.8,95.9,73.4,79.1,68.8,3,0,3,1,EEE,0
5.36,60.0,51.6,63.5,65.0,42.8,45.4,45.3,37.6,60.3,2,0,2,0,CSE,0
6.98,55.0,42.3,55.1,67.6,65.4,64.7,60.3,71.1,51.3,6,1,3,1,CSE,1
6.59,95.7,91.2,100.0,95.9,42.2,35.6,63.5,27.5,71.8,2,3,1,0,CSE,1
6.3,41.0,30.9,50.9,41.1,55.5,55.2,55.8,55.6,74.6,3,1,1,0,CIVIL,0
6.95,72.1,76.6,66.2,73.4,74.9,85.6,72.0,67.2,28.9,4,1,0,0,CIVIL,0
8.82,57.8,44.5,60.1,68.8,60.6,49.1,64.3,68.3,52.2,5,0,3,0,IT,1
7.78,56.7,58.5,55.9,55.8,74.2,73.5,73.9,75.3,96.8,2,1,0,4,CSE,0
6.69,74.6,89.2,58.5,76.0,35.7,34.7,27.3,45.2,70.8,3,1,2,0,CSE,1
7.72,76.3,72.6,82.6,73.7,74.7,84.5,73.8,65.8,72.1,5,2,2,0,IT,1
8.46,75.2,66.1,78.6,80.8,98.6,95.8,100.0,100.0,79.6,3,2,1,1,IT,1
8.03,74.0,78.3,82.8,60.8,54.5,49.3,56.5,57.6,62.3,2,1,4,0,EEE,0
7.25,63.2,60.5,61.7,67.5,86.8,86.2,98.1,76.1,74.0,4,0,0,0,MECH,0
6.62,53.2,60.2,45.4,54.1,57.0,56.6,68.1,46.3,72.8,4,1,3,0,EEE,1
7.83,47.2,38.9,45.9,56.9,46.4,48.6,55.3,35.2,70.1,0,2,2,0,ECE,0
7.55,59.9,58.2,60.2,61.2,49.7,47.1,56.1,45.9,57.2,1,0,4,0,EEE,0
8.01,94.2,84.7,97.9,100.0,82.1,87.8,88.8,69.7,64.6,4,0,3,1,EEE,1
7.77,78.5,77.4,62.2,96.0,40.8,37.9,42.2,42.3,53.2,2,0,0,1,IT,0
8.14,48.7,42.2,44.3,59.6,53.1,41.3,61.6,56.3,62.2,4,0,0,1,IT,1
6.72,52.6,51.6,45.4,60.9,75.2,78.3,80.7,66.7,44.5,4,1,2,1,CSE,1
8.39,73.1,71.9,72.8,74.7,70.1,69.3,70.1,70.8,50.1,4,1,2,0,ECE,1
7.38,71.0,61.4,78.5,73.0,69.8,78.5,70.9,60.0,57.8,2,2,0,1,CIVIL,1
9.07,74.7,64.8,77.8,81.4,53.3,50.9,57.4,51.5,47.8,6,3,1,0,ECE,1
6.58,65.1,63.0,63.5,68.8,68.4,63.5,54.2,87.4,54.4,6,2,0,0,MECH,0
8.76,65.2,62.6,72.8,60.2,53.1,60.9,52.3,46.1,59.5,3,1,1,0,CSE,1
7.38,65.3,65.0,57.4,73.6,64.8,64.4,79.3,50.8,68.0,3,0,1,0,EEE,1
6.61,66.2,62.4,70.2,65.9,33.8,33.5,41.1,26.8,76.2,2,1,0,1,MECH,0
6.76,34.6,39.5,38.9,25.4,89.7,86.5,89.8,92.7,55.0,2,0,1,0,ECE,1
6.91,61.4,57.6,51.9,74.7,48.5,42.1,57.7,45.8,82.0,0,1,2,1,CIVIL,0
7.58,49.0,52.4,41.1,53.6,83.4,97.1,76.4,76.7,76.1,3,0,4,0,ECE,1
7.67,78.1,84.8,61.5,87.9,65.0,71.5,69.2,54.4,69.6,0,1,1,0,CSE,0
6.68,95.3,95.4,100.0,90.5,59.1,69.5,34.3,73.6,64.3,6,0,0,0,CSE,1
7.18,65.4,55.3,76.2,64.6,51.5,65.2,39.4,49.8,66.8,1,0,3,0,ECE,0
9.13,61.2,66.9,55.7,60.9,47.7,43.4,33.6,66.2,79.8,1,2,6,0,MECH,1
8.75,77.6,72.5,71.1,89.3,30.6,38.0,22.1,31.7,80.4,2,0,2,2,CSE,1
7.59,70.6,69.2,66.9,75.8,51.6,56.8,45.4,52.7,82.0,1,2,1,0,ECE,1
7.23,72.8,64.6,79.8,74.0,58.9,56.9,57.4,62.5,62.6,3,2,1,0,EEE,0
7.31,69.1,71.4,73.6,62.2,63.9,61.1,67.5,63.2,70.3,0,0,1,2,CSE,0
7.75,91.5,100.0,92.4,82.2,71.5,60.1,83.1,71.3,82.2,4,0,1,0,CSE,1
6.28,52.1,55.6,48.3,52.4,50.1,51.6,42.9,55.7,52.6,1,0,3,0,IT,0
6.97,72.8,78.5,82.0,58.0,45.4,53.2,32.8,50.1,57.2,1,2,1,0,CSE,1
5.7,44.5,40.7,46.0,46.7,38.0,44.9,39.4,29.7,62.2,5,1,0,0,CSE,1
7.56,74.9,63.6,83.3,77.8,68.3,73.2,61.9,69.8,75.5,3,1,2,0,CSE,1
7.78,41.8,29.4,53.8,42.3,80.6,78.1,67.8,95.9,75.7,4,1,5,0,CSE,0
6.77,61.9,52.7,57.9,75.2,84.3,61.8,91.2,100.0,58.5,2,0,3,0,ECE,0
8.62,74.2,68.5,80.9,73.1,77.9,67.1,86.0,80.6,39.4,3,0,1,0,ECE,0
6.1,72.0,82.8,70.2,62.9,81.2,67.8,86.4,89.5,65.7,3,0,1,1,EEE,0
5.88,73.2,76.1,75.0,68.5,86.3,85.7,90.7,82.6,48.2,2,0,2,0,ECE,1
7.4,36.6,47.4,37.7,24.7,72.1,71.8,71.9,72.7,39.7,7,1,1,1,CIVIL,1
8.14,63.9,60.3,73.4,57.9,86.6,90.8,84.7,84.4,43.0,3,1,0,0,MECH,0
8.72,62.7,56.7,68.6,62.7,49.8,55.8,48.1,45.6,66.9,6,0,2,0,CIVIL,0
6.79,52.5,53.5,60.7,43.2,38.2,34.7,48.0,32.0,82.4,1,2,3,0,IT,0
8.17,62.5,49.0,71.8,66.6,54.2,45.8,51.1,65.8,62.6,4,0,1,0,MECH,0
7.17,55.9,63.1,59.1,45.5,60.1,61.1,69.0,50.1,65.2,0,1,5,1,EEE,1
7.04,98.7,100.0,96.1,100.0,54.4,52.8,62.9,47.6,79.7,1,0,5,0,IT,1
8.0,63.6,67.7,57.7,65.5,98.0,93.9,100.0,100.0,38.8,1,1,0,1,CSE,0
7.79,53.0,51.3,62.0,45.8,67.6,65.9,63.6,73.3,69.8,3,0,2,0,ECE,1
5.78,65.5,79.6,60.8,56.2,77.2,82.1,65.2,84.4,61.8,3,1,2,0,CSE,0
8.53,73.5,78.5,75.4,66.6,58.8,57.2,67.1,52.1,70.5,1,2,2,0,CSE,0
8.44,93.4,97.4,100.0,82.7,51.5,59.0,45.2,50.3,54.7,1,0,0,0,ECE,0
6.64,41.5,36.9,35.0,52.5,36.6,19.7,49.9,40.2,49.7,2,2,0,1,ECE,0
7.56,41.6,40.1,41.9,42.7,54.5,53.7,46.5,63.2,64.1,0,0,0,0,CIVIL,0
7.64,94.9,94.9,89.8,100.0,71.4,62.2,80.7,71.3,86.7,2,0,1,1,ECE,0
7.43,73.8,72.0,75.6,73.7,67.5,49.2,71.5,81.8,74.9,2,1,3,0,ECE,0
6.7,50.4,44.7,52.3,54.3,70.8,65.0,80.3,67.1,54.4,3,1,1,1,IT,1
6.6,63.4,74.1,60.9,55.2,66.2,67.4,68.2,62.9,41.9,3,2,3,0,ECE,1
7.18,31.3,39.8,28.7,25.4,53.4,51.8,58.2,50.3,36.8,8,2,3,1,IT,1
8.26,68.9,68.6,73.4,64.8,80.6,79.7,76.4,85.7,81.7,7,0,1,2,MECH,0
7.69,78.6,77.3,69.4,89.1,59.9,63.2,59.6,56.9,47.7,0,1,2,0,IT,1
6.87,81.6,76.0,84.1,84.8,72.6,65.4,68.6,83.9,57.1,3,1,0,0,IT,0
7.89,55.1,56.8,42.4,66.2,56.0,54.6,54.9,58.4,81.8,5,1,6,1,IT,1
5.0,68.9,68.4,66.0,72.2,76.3,74.4,60.6,93.8,37.8,3,1,0,0,MECH,0
8.23,45.4,44.4,47.0,44.9,76.3,84.6,63.9,80.4,84.4,1,3,2,1,CIVIL,1
5.63,71.8,71.1,74.6,69.7,78.7,81.4,79.6,75.0,58.2,1,2,4,1,IT,0
6.87,50.7,44.5,52.7,54.8,19.2,6.3,30.7,20.6,44.8,7,1,3,0,IT,1
6.19,56.3,54.2,64.8,49.9,65.7,59.8,60.3,77.1,58.3,3,1,2,0,EEE,0
6.03,53.2,52.6,59.8,47.2,87.0,78.2,82.8,100.0,51.2,2,0,1,2,MECH,0
8.24,76.1,76.5,79.6,72.1,71.4,73.3,66.5,74.3,68.6,5,1,1,0,IT,1
6.78,79.9,67.5,79.2,93.1,66.9,69.7,73.3,57.7,52.3,2,1,2,1,CSE,1
7.51,54.9,70.1,53.7,40.9,25.5,27.2,24.0,25.2,33.3,1,0,1,0,IT,0
7.16,71.1,70.1,65.5,77.6,50.5,43.3,57.7,50.6,58.7,1,0,3,0,ECE,1
7.63,38.3,39.1,40.5,35.4,64.0,55.8,64.5,71.6,41.7,3,2,2,1,IT,1
7.27,51.2,48.5,58.1,47.1,71.2,76.9,62.8,74.0,65.1,2,2,0,1,CSE,0
6.05,66.8,63.1,61.3,76.1,83.8,85.2,80.9,85.3,44.2,3,1,2,0,CSE,0
8.1,97.3,98.1,93.9,100.0,58.6,66.7,51.6,57.6,54.7,5,0,2,2,ECE,0
6.76,48.7,50.3,33.8,62.0,64.8,63.8,70.2,60.5,64.7,3,0,3,3,CIVIL,0
5.8,85.4,82.6,80.2,93.5,57.6,53.7,54.9,64.3,58.8,1,0,1,0,MECH,1
6.81,81.0,62.9,80.5,99.6,47.4,32.4,47.9,61.8,65.8,2,3,5,0,ECE,1
8.55,66.1,65.8,58.1,74.5,30.3,25.2,33.8,31.9,72.2,7,3,2,0,MECH,1
7.97,88.3,87.2,89.7,88.1,63.2,56.9,60.1,72.7,44.6,3,0,1,0,CSE,1
6.89,78.1,75.3,85.4,73.6,72.1,81.4,61.7,73.3,61.0,2,4,2,0,ECE,1
6.89,75.5,64.9,78.6,82.9,45.4,36.4,54.1,45.8,12.1,3,0,2,0,CSE,0
6.91,70.5,77.7,77.4,56.5,30.2,35.2,28.1,27.4,65.7,2,2,2,1,EEE,0
9.07,75.9,66.8,85.3,75.6,75.0,86.4,75.3,63.2,57.5,2,1,1,0,CIVIL,1
7.54,85.9,90.8,89.7,77.3,58.9,61.5,61.0,54.2,47.2,4,2,1,0,MECH,1
7.59,46.7,54.4,50.4,35.2,72.2,71.2,80.3,65.2,66.7,5,0,1,0,ECE,0
8.13,47.6,53.4,41.4,47.9,89.2,82.0,85.6,100.0,79.6,1,0,4,1,EEE,1
7.41,48.8,62.8,40.2,43.3,14.3,9.8,14.2,18.8,54.9,8,1,2,0,CIVIL,0
6.97,60.2,62.9,63.3,54.3,47.0,55.8,45.0,40.1,47.8,0,0,1,0,CSE,0
7.02,70.1,61.0,76.4,72.8,64.7,71.5,46.8,75.9,64.5,3,1,1,0,EEE,1
7.14,76.3,73.5,77.9,77.6,83.6,80.3,90.4,80.2,42.0,3,0,1,0,CSE,1
7.17,67.3,70.0,56.6,75.4,25.0,20.8,20.6,33.7,52.1,2,0,2,0,MECH,0
7.85,57.2,63.5,58.4,49.8,88.6,68.3,100.0,97.4,80.3,1,0,0,0,CSE,0
7.25,71.4,67.6,68.9,77.7,59.6,52.5,75.3,50.9,62.9,5,1,3,0,CSE,1
7.86,85.4,86.8,85.9,83.6,62.1,57.2,58.5,70.7,33.8,2,1,4,1,EEE,1
7.13,20.4,25.3,19.6,16.4,67.0,72.6,65.3,63.0,35.0,3,1,2,0,CSE,0
7.27,68.2,61.3,59.8,83.6,54.6,59.3,36.2,68.2,64.4,8,2,1,0,CSE,1
5.4,65.4,63.2,65.7,67.3,84.0,80.9,100.0,71.0,74.9,2,2,5,0,ECE,0
8.02,78.8,80.7,82.7,73.0,38.8,37.8,35.9,42.8,37.7,2,3,0,0,MECH,1
7.51,54.8,58.7,61.8,44.0,63.7,60.0,64.7,66.3,68.7,2,0,2,0,CSE,1
8.1,33.5,26.7,37.2,36.5,52.8,67.5,34.9,56.1,82.0,4,1,1,1,MECH,1
5.0,70.9,67.4,72.8,72.4,44.5,49.1,51.9,32.5,90.3,2,2,0,0,MECH,0
9.08,59.5,66.9,54.4,57.1,91.9,82.9,92.9,100.0,67.0,2,1,1,0,ECE,1
7.07,52.3,55.4,56.1,45.4,60.5,60.4,68.1,52.9,69.6,4,1,1,1,ECE,0
8.2,59.3,55.8,59.6,62.6,66.9,61.8,65.0,74.0,30.0,3,2,5,0,CSE,1
6.26,62.4,64.4,64.2,58.5,66.9,73.9,68.6,58.1,93.5,2,1,2,1,IT,1
7.75,45.9,54.2,46.4,37.2,28.9,41.5,27.8,17.3,53.4,2,2,2,0,CSE,1
6.25,36.2,45.0,31.1,32.6,92.9,88.7,92.0,98.0,48.0,0,1,0,0,CSE,0
6.64,71.5,76.0,84.7,53.9,11.2,16.6,5.0,11.9,58.2,3,2,0,0,IT,0
8.92,84.7,84.7,83.1,86.4,45.5,60.1,39.4,37.1,84.7,1,1,3,0,IT,1
7.03,75.7,83.3,79.4,64.3,56.3,45.2,58.8,64.9,95.1,2,0,2,1,EEE,0
7.4,52.3,42.9,63.2,50.7,85.9,88.5,95.9,73.2,63.9,1,1,5,0,ECE,0
7.98,73.5,74.6,70.5,75.3,66.0,57.0,68.5,72.4,77.0,2,1,6,0,MECH,1
7.65,57.9,52.7,65.7,55.4,53.9,58.1,48.0,55.5,62.6,5,1,0,0,CSE,1
7.34,79.9,86.4,69.3,84.0,66.6,57.0,56.1,86.6,46.4,4,4,0,0,CSE,1
7.53,65.1,71.4,53.9,70.0,41.9,44.6,43.7,37.3,84.2,2,0,1,0,ECE,0
9.36,59.5,52.8,53.4,72.3,40.7,39.0,31.1,52.0,52.7,0,2,1,0,CSE,0
7.15,59.0,51.0,63.5,62.5,76.6,76.7,81.4,71.7,85.0,2,0,2,0,EEE,0
7.38,68.4,67.8,74.5,63.0,64.5,64.3,74.0,55.2,81.5,1,3,1,1,ECE,1
8.15,84.5,77.1,84.2,92.3,87.8,75.7,96.0,91.8,71.2,1,1,1,0,IT,1
8.19,70.9,70.0,72.3,70.5,54.9,71.6,43.4,49.7,89.4,1,1,0,0,IT,1
8.27,68.1,74.9,61.8,67.6,71.1,66.9,85.0,61.3,95.5,4,2,5,0,IT,1
7.77,64.6,73.8,58.7,61.4,53.9,62.2,53.5,46.0,59.4,3,1,0,0,IT,0
6.17,86.4,86.4,88.6,84.3,71.6,64.2,70.5,80.0,49.9,5,0,5,1,CSE,0
8.67,80.6,73.2,84.5,84.2,84.9,74.6,99.1,80.9,34.0,2,0,0,0,CSE,0
6.17,43.3,44.2,52.2,33.6,48.8,62.3,45.3,38.9,95.7,3,3,0,1,ECE,0
7.47,83.3,77.6,87.3,84.9,56.9,59.0,46.8,64.8,55.4,2,1,1,1,CSE,1
6.52,84.2,89.2,82.4,81.0,63.5,49.1,70.1,71.4,79.0,1,3,0,1,EEE,1
7.14,55.3,52.9,52.3,60.7,75.5,72.7,96.1,57.7,50.9,4,1,3,1,CSE,0
7.5,68.0,71.5,61.2,71.4,53.7,36.9,66.4,57.8,85.1,1,0,0,0,CSE,0
7.49,66.3,67.2,63.2,68.4,43.4,40.7,52.4,37.2,51.5,1,0,2,0,CSE,0
7.58,73.2,71.5,78.4,69.6,54.6,44.7,51.8,67.3,44.1,1,1,0,0,IT,0
8.65,73.0,76.3,69.0,73.7,89.1,77.2,100.0,90.1,58.9,3,2,1,1,CSE,1
7.61,73.9,79.5,71.7,70.4,79.8,76.8,83.2,79.5,54.0,5,1,3,1,CSE,1
6.98,85.1,87.9,82.5,84.9,40.4,30.6,50.9,39.6,70.9,2,1,3,1,IT,0
8.07,82.6,76.9,85.7,85.2,40.8,35.4,41.9,45.0,61.2,3,2,2,1,IT,1
8.27,70.9,67.2,84.3,61.1,76.1,69.7,81.2,77.5,71.4,2,1,3,1,MECH,0
6.1,74.4,80.9,70.1,72.1,30.9,22.4,38.2,32.2,57.6,3,1,1,1,MECH,1
7.74,50.3,57.7,47.8,45.3,73.4,78.8,66.6,74.8,52.0,1,0,0,0,CSE,1
7.83,75.7,70.6,72.4,84.1,46.8,36.6,55.6,48.1,53.2,3,2,3,0,CSE,1
6.93,83.3,95.3,96.6,58.1,88.2,85.7,91.2,87.8,92.7,1,1,0,1,ECE,1
8.44,66.2,75.1,57.5,65.9,52.9,54.4,46.6,57.8,65.4,0,1,3,0,MECH,0
7.06,46.7,56.2,30.5,53.5,82.0,73.3,94.5,78.3,32.2,3,1,1,0,CIVIL,0
7.31,54.7,58.4,66.7,39.1,50.6,54.9,33.5,63.3,54.2,4,1,4,0,CSE,0
7.04,48.7,37.6,55.8,52.8,64.7,66.5,69.4,58.3,63.5,6,0,2,0,IT,1
7.21,44.0,33.0,40.1,58.8,34.1,37.7,33.7,30.8,89.7,1,0,4,0,EEE,1
6.21,61.2,62.9,55.0,65.7,23.6,10.9,34.0,26.0,77.4,3,1,1,0,MECH,0
5.9,40.4,44.6,57.9,18.8,58.5,54.7,55.6,65.3,48.2,1,3,0,0,CSE,0
8.64,72.3,61.1,76.8,78.9,57.2,46.9,66.3,58.4,98.3,3,1,0,0,ECE,1
6.44,78.3,79.6,85.1,70.3,41.3,36.9,50.7,36.3,61.5,3,2,3,1,CSE,0
6.31,54.0,51.8,50.9,59.2,49.2,41.8,56.4,49.4,80.7,3,0,2,0,CSE,0
5.26,92.0,95.3,86.9,93.7,66.5,61.0,66.5,72.1,44.7,5,1,1,0,IT,1
6.62,69.1,72.8,71.1,63.4,65.9,65.0,72.2,60.5,26.0,1,1,2,0,CSE,0
6.01,82.7,73.5,88.5,86.0,62.9,43.6,74.4,70.7,40.9,3,3,2,0,EEE,0
8.68,54.8,63.7,48.8,51.9,60.8,74.0,52.0,56.3,13.2,5,1,0,0,EEE,1
8.11,67.3,75.2,70.5,56.2,43.9,50.6,33.1,47.9,93.7,1,1,2,0,MECH,0
6.58,57.7,53.9,57.8,61.4,51.0,43.0,68.6,41.3,65.2,0,0,1,0,IT,0
9.23,73.5,73.6,77.1,69.7,93.6,81.8,98.9,100.0,48.1,1,2,1,0,CSE,1
8.08,66.5,62.2,78.4,58.9,59.4,66.2,66.4,45.7,68.8,4,1,2,0,CSE,1
6.91,69.8,73.4,67.4,68.7,68.6,74.3,57.7,73.7,64.8,1,0,1,0,IT,0
5.0,49.3,48.6,48.1,51.3,91.0,84.3,90.4,98.4,71.3,3,1,0,0,ECE,0
9.26,51.1,56.3,45.1,51.9,32.4,34.5,30.3,32.5,80.1,3,0,0,0,IT,0
5.95,74.5,71.2,73.4,78.8,80.3,76.4,89.0,75.4,57.7,4,2,3,0,ECE,1
5.72,38.4,37.0,39.9,38.3,88.0,87.3,82.0,94.6,48.8,5,0,1,0,ECE,0
8.12,66.6,68.0,67.6,64.1,43.5,29.7,55.5,45.4,74.4,4,1,2,1,CSE,1
9.4,43.8,52.2,34.4,44.7,71.1,79.6,67.1,66.5,74.0,1,1,2,0,ECE,0
8.45,84.3,74.5,82.4,95.9,53.3,58.5,51.7,49.8,63.5,6,2,2,0,IT,1
7.71,48.6,45.8,53.5,46.6,41.2,49.5,42.9,31.3,94.7,3,0,1,0,MECH,0
7.74,74.4,80.6,58.9,83.6,60.8,56.2,65.6,60.7,55.4,4,0,1,0,ECE,1
7.97,75.5,68.1,84.4,74.1,75.0,68.4,56.7,100.0,48.5,3,0,4,0,CSE,1
7.88,56.2,42.9,75.2,50.4,76.4,96.8,62.9,69.4,68.3,2,4,1,0,IT,1
7.45,72.0,71.9,73.5,70.7,93.6,95.8,86.8,98.2,51.9,1,0,1,1,EEE,1
7.29,65.1,64.8,63.5,67.0,54.6,65.3,45.6,53.0,69.4,2,0,5,1,CSE,0
7.14,64.4,49.7,80.1,63.5,89.8,83.9,100.0,85.4,49.5,0,1,3,0,EEE,0
6.52,51.5,49.5,40.3,64.6,47.3,47.6,33.6,60.7,56.0,2,3,2,0,CSE,1
6.95,40.1,41.5,37.7,41.1,75.7,73.3,67.3,86.6,90.4,1,0,2,0,ECE,0
5.68,74.3,69.8,71.3,81.8,62.6,62.7,63.7,61.5,55.9,2,2,2,1,CIVIL,0
7.11,44.3,45.5,53.9,33.4,74.8,73.1,63.9,87.5,50.0,2,2,5,0,ECE,1
6.31,70.7,80.8,69.2,62.2,66.6,82.3,56.2,61.3,79.6,4,0,2,0,IT,0
6.21,56.7,58.6,57.3,54.1,34.0,43.9,23.1,35.1,46.2,3,2,0,0,CSE,0
7.36,73.8,76.7,66.9,77.7,33.7,26.7,31.0,43.3,51.6,2,3,6,0,CSE,1
8.45,57.3,56.7,58.0,57.2,57.8,64.0,58.9,50.5,70.6,3,1,4,0,ECE,0
8.03,57.9,53.6,52.3,67.7,39.3,38.7,50.8,28.5,76.1,2,2,0,0,IT,0
5.79,70.7,70.6,75.6,65.9,77.0,80.3,74.9,75.7,80.3,3,2,1,1,IT,0
6.31,67.1,65.9,65.2,70.1,75.2,68.5,86.6,70.5,50.8,1,1,4,0,CIVIL,1
8.05,68.7,72.3,57.5,76.3,85.1,94.7,70.6,90.0,70.9,2,0,1,0,IT,0
6.32,74.3,90.4,81.6,50.9,37.6,28.2,52.1,32.6,55.0,1,0,3,1,ECE,0
7.0,47.3,37.8,39.5,64.7,74.5,72.6,55.5,95.3,52.9,2,3,0,1,ECE,0
7.7,70.2,72.3,65.4,72.8,96.2,97.0,91.6,100.0,80.0,3,1,3,0,ECE,0
6.33,66.2,73.1,72.2,53.3,73.9,83.7,75.6,62.4,53.8,4,1,0,0,IT,0
7.29,52.5,53.9,51.3,52.3,61.1,60.3,63.0,60.0,66.2,4,0,2,1,IT,0
6.0,57.7,63.7,47.6,61.9,65.9,60.8,81.1,55.7,64.3,4,1,4,0,MECH,1
6.66,68.5,74.7,67.1,63.6,75.8,79.8,83.9,63.8,45.9,2,2,0,0,IT,0
7.49,57.1,43.7,54.7,73.0,50.4,57.8,53.3,40.1,76.5,2,2,1,0,ECE,1
5.77,70.4,50.6,83.4,77.1,53.3,56.1,54.4,49.4,70.4,3,2,0,0,ECE,0
7.6,86.1,81.1,89.2,88.0,69.0,81.1,65.3,60.6,32.2,2,1,2,2,CSE,0
7.18,83.5,88.9,76.9,84.6,97.9,100.0,93.6,100.0,66.2,1,0,2,0,EEE,0
7.7,40.1,34.1,40.7,45.6,37.6,46.5,23.9,42.4,50.4,3,0,4,0,ECE,0
7.4,71.3,49.6,72.9,91.5,66.6,71.1,62.5,66.1,78.5,0,0,4,0,ECE,1
8.43,81.8,88.2,88.5,68.8,38.1,43.0,25.4,45.8,40.3,2,0,0,0,EEE,1
7.31,71.5,72.4,70.2,71.8,90.6,90.0,93.1,88.7,56.7,0,0,2,1,MECH,0
6.81,77.0,71.6,78.5,80.9,57.7,52.1,56.3,64.6,67.4,3,1,3,2,IT,1
7.31,93.0,85.3,93.6,100.0,29.6,40.4,18.9,29.4,62.8,2,0,1,0,MECH,0
7.69,72.3,71.6,74.5,70.9,76.5,71.4,86.3,71.9,73.4,3,1,0,0,CSE,1
7.24,62.1,69.4,65.7,51.1,93.8,89.6,94.8,97.1,39.2,4,0,0,0,ECE,1
7.24,72.9,74.6,62.9,81.2,73.4,83.2,78.8,58.1,86.8,5,1,0,0,CSE,1
6.57,71.9,71.0,74.8,69.8,76.3,78.6,55.9,94.4,69.9,1,0,2,1,CSE,0
6.6,63.5,42.5,67.7,80.2,64.1,51.9,73.2,67.2,82.4,1,1,1,0,CSE,0
5.94,51.5,53.2,53.9,47.4,88.3,84.2,95.3,85.5,75.1,5,2,1,1,IT,1
8.77,92.1,77.9,100.0,98.4,46.7,38.3,44.2,57.7,61.8,2,1,1,1,CSE,0
6.08,61.0,51.5,54.2,77.2,66.8,55.0,78.1,67.2,42.7,1,1,1,1,ECE,0
6.58,81.0,82.1,78.2,82.7,53.9,56.3,52.7,52.7,53.5,1,1,4,0,IT,0
6.55,72.1,78.4,78.9,59.1,46.6,46.8,51.6,41.4,85.8,4,3,1,0,EEE,1
8.01,40.1,30.5,48.6,41.3,50.0,53.3,57.3,39.4,82.8,2,0,1,0,CSE,0
6.93,71.4,70.5,73.3,70.3,72.6,59.7,84.7,73.3,52.7,2,2,1,1,CSE,0
8.32,37.8,40.1,32.2,41.2,62.6,60.0,52.9,74.8,19.7,4,3,1,0,IT,0
6.59,77.9,88.6,77.4,67.8,76.7,79.9,74.7,75.4,58.8,6,1,3,0,IT,1
7.45,80.6,73.5,75.3,92.9,55.0,35.1,55.1,74.7,57.7,2,2,2,0,CSE,0
6.45,55.4,59.3,61.2,45.6,69.6,80.8,60.4,67.7,58.3,4,2,2,0,CIVIL,1
9.13,51.0,52.3,51.5,49.3,49.3,51.6,63.8,32.5,69.9,2,2,3,0,CSE,1
6.13,87.4,73.2,88.9,100.0,61.9,67.9,52.6,65.3,75.1,3,1,2,1,EEE,0
7.48,57.2,64.7,71.7,35.2,64.0,61.3,53.2,77.6,76.9,1,2,0,0,CSE,1
7.77,47.4,50.1,44.0,48.1,59.6,44.1,61.1,73.7,68.7,1,1,2,0,MECH,1
7.57,92.0,95.2,80.9,100.0,62.0,69.7,52.4,63.8,35.0,0,0,2,0,IT,0
7.03,87.6,81.5,88.9,92.4,70.2,70.4,72.0,68.1,56.9,3,1,4,1,MECH,1
7.08,59.4,69.2,55.3,53.8,65.8,62.8,46.6,87.9,96.6,4,0,2,0,IT,0
7.24,78.1,94.1,61.5,78.6,100.0,100.0,100.0,100.0,67.6,0,0,2,0,CSE,1
7.07,84.1,87.1,81.9,83.3,75.9,76.3,89.0,62.3,67.5,0,1,1,1,ECE,1
8.07,56.2,56.8,55.7,56.2,61.6,61.7,62.0,61.2,67.4,1,3,1,0,ECE,1
9.19,60.3,58.3,57.8,64.8,57.2,47.8,61.4,62.3,68.2,3,1,2,0,CSE,0
6.7,74.2,69.7,81.1,71.8,46.7,61.9,42.0,36.3,26.3,1,2,3,2,CSE,0
5.97,96.1,99.4,88.9,100.0,62.5,45.8,82.2,59.5,58.4,2,0,1,1,EEE,0
7.12,74.8,68.0,81.1,75.3,66.4,56.0,74.3,68.8,61.4,5,0,2,0,CSE,0
9.52,56.0,56.7,51.2,60.0,28.8,17.0,26.1,43.4,81.2,2,0,1,0,IT,1
6.48,85.0,80.3,88.2,86.5,30.1,18.4,25.6,46.4,62.7,2,2,0,1,ECE,0
8.68,57.9,48.1,55.3,70.4,52.1,50.6,48.0,57.8,37.3,4,3,1,1,ECE,1
8.71,64.8,71.8,64.9,57.7,59.0,75.1,60.1,41.9,68.5,2,1,0,1,CSE,0
6.7,73.6,67.0,81.1,72.6,64.9,54.1,75.5,65.1,49.9,4,1,4,0,ECE,0
7.71,85.8,98.4,81.7,77.4,78.4,70.1,72.9,92.2,43.7,3,1,1,0,CSE,1
8.67,73.7,76.3,77.7,67.0,38.9,43.2,36.1,37.4,49.5,2,2,1,0,CSE,0
6.86,69.1,56.1,73.5,77.7,47.0,64.1,47.0,29.9,70.1,7,1,2,0,IT,1
7.02,69.7,78.6,63.5,67.0,80.7,79.4,84.7,78.1,80.9,1,0,2,0,MECH,1
6.68,61.3,60.9,65.8,57.1,56.4,57.4,61.1,50.6,69.2,4,1,0,1,CSE,1
6.29,68.6,78.4,61.1,66.4,69.7,80.2,73.9,54.9,71.5,1,0,1,0,CSE,1
6.62,27.3,29.8,15.4,36.6,98.3,100.0,100.0,94.8,69.1,3,2,0,0,ECE,1
6.1,55.6,48.5,63.8,54.6,45.8,43.0,54.3,40.2,63.5,0,1,1,0,IT,0
7.23,67.4,69.7,65.3,67.2,64.0,45.0,62.5,84.6,72.5,2,0,5,0,ECE,1
6.51,55.3,66.5,50.5,49.0,46.8,61.7,25.0,53.7,25.7,1,1,0,1,CIVIL,0
7.41,65.3,74.4,70.3,51.2,34.8,34.8,29.8,39.7,63.7,8,1,1,1,CIVIL,1
5.8,54.5,61.7,54.3,47.4,44.0,54.8,38.2,39.0,46.3,2,3,1,1,IT,1
7.5,93.4,98.2,89.2,92.9,73.5,69.4,81.4,69.7,79.4,1,2,3,0,ECE,1
7.95,81.9,88.7,77.2,79.7,77.7,79.1,83.9,70.2,59.8,5,1,1,0,MECH,1
5.41,66.3,60.2,69.6,69.0,66.2,75.8,61.3,61.4,62.5,3,1,1,1,CSE,0
7.54,59.6,54.2,52.0,72.6,48.8,45.9,51.0,49.4,39.4,1,0,1,0,IT,0
8.3,66.5,65.8,62.4,71.2,46.3,49.3,42.9,46.7,77.3,0,1,2,0,IT,0
6.11,64.7,67.0,50.3,76.9,80.4,68.1,93.9,79.2,71.4,3,1,3,1,CSE,1
8.71,66.7,61.0,72.3,66.9,60.3,58.4,52.5,70.1,70.4,4,1,1,0,CIVIL,1
7.58,59.5,65.8,51.7,60.9,71.2,62.4,82.3,68.8,49.8,2,0,0,2,EEE,1
6.57,45.6,48.4,45.0,43.3,64.3,58.4,66.9,67.6,50.4,2,1,1,1,IT,0
7.15,81.8,66.6,80.5,98.2,87.3,84.5,87.3,90.2,65.4,4,2,2,0,MECH,1
7.7,83.1,81.8,74.0,93.6,78.9,76.9,77.2,82.6,51.6,3,1,1,1,IT,1
7.27,54.4,51.4,57.9,53.9,43.4,46.9,46.2,37.2,68.5,5,0,2,2,MECH,0
7.68,78.2,83.6,69.7,81.4,34.9,45.7,22.4,36.6,29.6,6,0,2,0,CSE,1
6.37,56.2,53.8,44.9,69.8,70.2,68.3,70.7,71.5,54.7,1,1,4,0,CSE,0
7.35,68.2,68.1,69.4,67.1,65.1,66.5,58.2,70.5,89.0,3,2,1,1,CSE,0
5.93,74.7,80.4,73.9,69.9,59.8,56.3,59.5,63.5,68.6,1,2,3,1,ECE,0
7.1,69.9,66.9,69.5,73.3,74.4,73.0,75.4,74.9,64.5,2,0,4,0,CSE,0
6.39,66.1,55.4,70.7,72.2,61.9,61.9,52.8,70.9,91.8,2,1,2,0,CSE,0
6.54,55.9,48.8,59.4,59.6,59.8,59.4,61.0,58.9,27.0,3,1,3,1,CIVIL,0
8.31,57.6,69.7,49.3,53.9,71.4,78.3,62.4,73.6,49.8,2,0,1,1,MECH,0
8.18,61.1,61.1,77.2,44.9,44.4,50.0,34.4,48.9,56.0,1,1,1,0,ECE,0
7.75,53.5,50.4,53.2,56.9,87.2,82.8,93.9,84.8,74.9,2,1,2,0,MECH,1
6.22,63.8,51.7,68.1,71.6,59.6,66.3,52.4,60.0,75.1,1,2,5,1,CIVIL,1
6.92,37.5,34.7,36.6,41.1,76.2,80.6,75.8,72.1,49.0,3,0,0,1,ECE,0
8.29,58.3,41.9,60.6,72.5,86.6,76.8,97.4,85.7,77.0,1,1,4,0,ECE,1
7.33,54.9,60.2,50.6,54.0,31.4,42.3,29.9,22.1,56.0,1,1,2,0,MECH,0
9.29,57.5,56.6,65.0,50.9,48.8,55.3,39.9,51.1,80.2,6,0,1,0,ECE,0
7.55,57.9,53.9,58.8,60.9,79.7,83.3,78.7,77.0,46.5,5,0,2,0,CSE,1
7.37,63.8,63.6,64.4,63.3,76.2,81.0,76.2,71.4,60.2,1,2,0,0,IT,1
6.92,77.1,74.6,77.3,79.4,58.3,69.0,48.7,57.3,54.6,2,2,1,1,IT,0
7.32,77.0,94.0,67.4,69.5,47.0,51.0,46.7,43.2,77.8,2,0,1,0,CIVIL,0
7.06,54.6,43.8,50.4,69.6,74.3,75.6,70.1,77.1,54.2,5,0,1,0,ECE,1
7.84,59.0,57.4,51.8,67.8,77.9,90.5,61.8,81.3,61.4,3,3,3,0,MECH,1
8.06,58.5,58.2,67.2,50.0,36.3,42.5,35.8,30.6,69.6,3,2,2,0,EEE,1
6.49,59.9,51.9,57.1,70.7,34.8,40.7,28.2,35.5,70.2,4,0,1,1,IT,1
6.0,58.7,61.7,64.8,49.5,65.9,67.0,66.1,64.6,75.3,1,2,0,1,EEE,1
5.55,56.3,50.6,53.4,65.0,72.1,69.8,64.1,82.5,65.2,4,2,0,0,CSE,1
7.66,56.0,48.3,62.4,57.3,59.5,55.0,66.0,57.5,55.7,4,2,1,0,IT,0
6.21,60.8,70.7,44.6,67.2,72.7,65.7,87.6,64.9,56.8,2,0,1,0,MECH,0
5.26,69.4,72.4,68.3,67.4,49.0,40.4,54.7,51.9,62.4,2,1,0,0,ECE,0
7.55,60.5,77.4,60.3,43.8,21.2,14.1,8.5,41.1,65.7,1,2,2,0,MECH,0
9.44,47.2,53.8,37.1,50.8,56.2,38.9,67.8,62.0,59.8,2,1,2,2,CSE,0
7.19,54.0,47.3,61.6,53.0,65.2,52.3,76.8,66.6,62.3,2,0,1,1,EEE,0
7.95,48.6,50.4,53.1,42.2,57.2,53.6,55.5,62.6,39.2,5,2,5,0,CSE,1
7.27,67.4,74.2,62.3,65.8,49.8,41.3,53.5,54.7,72.0,2,1,0,1,ECE,1
7.11,47.4,40.9,52.3,48.9,30.0,26.4,23.6,39.9,64.7,3,0,4,1,IT,1
8.03,75.7,64.6,97.8,64.8,39.1,27.7,32.6,56.9,77.0,5,0,3,0,ECE,1
6.94,36.1,41.0,37.9,29.4,81.5,91.0,67.7,85.9,62.0,4,1,3,0,CSE,0
7.44,56.3,52.1,64.0,52.8,87.1,92.2,98.6,70.5,35.9,2,0,0,1,IT,1
7.49,69.1,62.9,64.0,80.4,71.7,84.6,65.3,65.2,56.6,5,1,3,0,ECE,1
6.6,65.0,64.2,69.9,61.0,53.0,65.2,46.1,47.7,59.0,1,0,3,0,ECE,1
8.09,96.5,91.8,100.0,97.6,37.5,30.6,40.7,41.1,73.1,1,1,1,0,ECE,0
7.04,64.7,62.1,66.6,65.3,71.2,87.3,63.3,63.0,30.9,0,1,1,1,ECE,0
6.52,58.8,56.6,65.5,54.3,68.9,61.1,66.4,79.1,62.6,4,1,4,1,CIVIL,1
7.68,64.8,53.2,73.1,68.2,61.6,69.2,67.5,48.2,69.7,3,3,2,2,CIVIL,1
6.39,27.8,27.3,41.2,15.0,17.8,13.0,20.1,20.4,52.1,4,1,5,0,IT,0
7.23,59.4,58.8,45.4,74.1,38.9,45.4,31.0,40.4,63.1,3,2,5,0,IT,0
7.19,59.1,59.2,50.4,67.7,56.0,63.4,61.6,43.1,52.6,0,3,2,2,ECE,0
8.18,81.0,76.2,99.4,67.3,76.3,66.7,79.0,83.2,51.1,5,0,1,0,CSE,1
7.63,52.2,53.6,55.5,47.6,73.8,80.2,81.7,59.5,55.9,0,0,0,1,IT,1
7.18,64.9,63.7,72.2,58.9,58.1,63.4,54.4,56.6,51.3,6,1,2,0,CSE,0
7.94,52.7,42.1,67.6,48.5,62.7,60.4,53.1,74.7,72.3,3,1,2,0,CSE,0
8.45,92.0,93.3,91.1,91.6,60.8,55.8,58.6,67.9,51.0,4,0,3,0,ECE,0
7.7,52.8,63.6,53.8,41.0,75.9,79.8,87.3,60.6,48.5,1,2,0,1,IT,0
7.21,79.4,87.4,71.2,79.5,67.6,58.8,71.8,72.1,88.5,1,1,1,1,CSE,0
6.02,86.0,84.4,81.9,91.8,67.5,70.3,68.2,64.0,76.4,2,0,2,1,MECH,0
6.24,63.5,62.7,65.2,62.5,70.3,67.7,64.3,78.8,34.1,7,3,1,0,MECH,1
6.93,77.8,79.2,71.6,82.6,58.6,44.7,65.6,65.4,50.5,3,1,1,0,MECH,0
6.65,68.8,71.7,60.5,74.1,71.9,79.6,69.4,66.8,65.6,4,0,5,1,IT,1
7.03,30.4,35.3,35.9,19.9,70.8,85.2,71.2,56.0,66.9,3,0,0,0,CSE,0
7.25,63.2,60.9,61.4,67.4,63.0,69.0,61.0,59.0,39.6,4,1,0,0,CSE,0
7.68,76.9,76.0,79.0,75.7,77.4,88.8,68.7,74.6,79.4,1,0,2,0,CSE,0
7.14,63.1,74.1,55.4,59.8,74.9,74.9,71.7,78.2,74.4,2,1,0,1,CSE,0
7.64,46.5,36.7,54.9,47.8,52.2,46.2,61.3,49.1,69.2,3,0,1,0,MECH,1
7.26,62.2,58.2,59.5,69.0,73.8,76.8,63.8,80.7,82.4,0,0,1,1,CIVIL,0
5.42,89.5,97.1,75.5,95.9,40.2,23.6,45.0,51.9,68.8,3,0,0,1,MECH,0
6.35,84.5,77.7,81.6,94.2,39.8,43.0,58.4,18.0,68.7,6,2,3,1,EEE,1
7.07,68.0,71.3,64.4,68.2,71.6,70.7,65.7,78.5,85.4,3,0,2,1,ECE,1
6.11,78.7,91.9,79.6,64.6,67.9,73.9,60.6,69.3,78.5,1,2,2,0,EEE,0
7.74,60.9,56.7,70.8,55.1,44.3,49.5,40.1,43.2,49.4,1,1,1,0,CIVIL,0
8.58,52.2,46.6,39.3,70.6,46.3,45.7,48.0,45.2,71.5,4,2,1,0,ECE,1
8.3,51.1,42.8,51.1,59.3,43.3,44.4,43.5,42.1,52.0,2,1,2,0,CSE,1
7.01,90.3,92.9,78.1,100.0,61.1,70.7,56.1,56.6,69.6,1,0,6,0,CSE,1
8.54,68.5,62.8,67.7,75.1,78.1,74.5,60.0,99.9,69.1,0,2,2,1,ECE,0
7.33,64.2,65.4,63.1,64.0,71.2,74.0,57.6,82.0,41.2,1,0,3,0,IT,1
6.9,58.9,55.6,57.4,63.8,63.7,59.0,59.9,72.3,60.2,1,1,1,0,MECH,1
6.65,82.0,78.4,76.4,91.3,47.3,42.5,50.5,48.8,66.0,2,2,1,0,ECE,0
6.93,87.2,91.8,99.3,70.4,41.6,53.3,40.5,31.1,55.5,4,3,1,0,ECE,0
6.85,87.3,79.6,86.2,96.2,85.1,78.9,100.0,76.3,66.7,1,1,0,2,CSE,0
7.35,64.4,60.2,58.0,74.9,65.0,58.8,71.1,65.2,74.1,3,0,1,0,IT,0
7.34,70.6,76.7,72.0,63.1,41.7,43.5,54.0,27.5,61.5,3,0,1,0,IT,0
7.2,42.5,45.3,34.2,47.9,59.9,52.2,62.5,65.0,65.4,4,1,1,1,EEE,0
7.59,89.3,100.0,73.7,94.2,57.3,52.3,66.5,53.2,82.8,3,2,1,1,IT,0
8.27,42.7,56.9,31.7,39.6,49.6,45.4,49.9,53.4,69.1,2,3,4,1,CIVIL,1
8.05,66.7,62.8,73.8,63.5,70.1,73.6,68.1,68.7,65.0,2,2,0,0,ECE,1
5.86,44.9,49.9,45.3,39.5,46.0,40.7,46.3,51.0,47.6,4,0,5,1,ECE,1
5.0,61.7,56.4,80.2,48.5,60.5,63.0,64.5,54.0,72.1,2,2,2,0,MECH,1
8.04,42.1,40.6,45.3,40.4,60.4,76.0,49.0,56.3,67.0,4,0,2,0,CIVIL,1
5.97,48.5,49.0,49.1,47.5,40.0,59.3,28.7,31.9,81.3,1,1,2,0,CSE,0
7.0,59.2,53.0,52.9,71.6,68.0,69.2,69.2,65.6,62.7,3,1,2,0,MECH,1
6.15,49.5,41.0,59.3,48.2,90.6,93.2,96.5,82.0,34.8,2,1,1,0,CSE,0
5.58,75.9,77.0,72.9,77.9,44.1,31.9,48.7,51.8,36.5,3,4,0,0,IT,0
7.69,48.8,47.5,54.4,44.5,38.4,30.4,44.0,40.8,73.0,3,0,2,1,CSE,0
7.88,65.0,54.7,60.3,79.9,27.7,17.4,30.3,35.4,53.4,6,1,2,1,ECE,1
6.68,83.8,85.3,71.0,95.2,60.4,64.4,51.8,65.0,68.6,1,1,0,0,IT,1
5.0,57.8,63.5,43.4,66.5,49.1,74.5,25.5,47.4,63.7,2,2,3,0,ECE,1
6.71,50.7,56.8,37.2,58.0,62.7,68.5,61.2,58.3,59.5,4,1,3,0,ECE,1
7.55,58.8,59.2,57.6,59.5,56.5,42.3,72.5,54.8,60.6,3,1,3,1,ECE,0
5.87,78.3,86.2,79.1,69.6,25.2,29.1,28.8,17.7,49.0,3,0,3,2,CSE,0
7.37,74.4,73.2,62.7,87.2,33.0,30.4,29.4,39.1,61.8,2,0,1,0,MECH,0
7.19,59.2,60.0,67.5,50.0,66.1,65.9,69.2,63.3,53.2,5,2,2,0,ECE,0
7.72,75.1,65.2,81.6,78.4,52.3,55.0,52.1,49.8,56.4,1,3,5,0,IT,1
7.31,53.0,51.8,46.9,60.2,52.9,55.2,59.0,44.5,57.1,3,1,0,0,CIVIL,1
6.32,71.1,84.1,60.2,69.0,30.3,19.4,48.2,23.2,58.6,1,0,1,1,CSE,0
8.28,71.1,65.9,66.2,81.1,64.4,58.6,66.3,68.4,75.8,1,1,3,1,ECE,1
7.06,67.2,77.5,55.9,68.3,83.6,88.1,70.3,92.3,60.1,3,0,1,0,ECE,1
7.18,55.9,49.1,48.0,70.5,60.0,54.6,64.1,61.2,77.4,3,0,2,0,CSE,0
6.36,49.2,52.8,47.0,47.9,32.5,51.0,23.3,23.1,85.1,5,1,1,1,IT,1
6.8,64.7,67.1,67.3,59.6,56.7,47.1,64.1,58.9,74.8,3,0,3,0,MECH,1
6.4,80.1,84.0,79.1,77.2,43.6,54.4,41.3,35.2,70.0,1,1,2,0,CSE,1
7.04,50.4,42.1,51.0,58.2,80.2,70.2,94.7,75.7,66.9,4,2,5,1,IT,0
8.74,70.7,67.0,73.1,72.0,57.9,59.2,59.5,55.1,75.0,1,1,2,0,ECE,0
5.97,32.5,27.0,38.7,31.8,33.1,33.2,34.0,32.1,63.3,6,2,2,0,ECE,0
5.75,48.4,57.9,49.5,37.7,50.3,49.2,46.3,55.5,76.8,0,1,3,2,EEE,0
8.52,72.2,72.5,74.7,69.3,67.1,69.3,64.3,67.6,71.2,1,1,4,1,MECH,0
7.01,57.9,57.4,44.4,72.0,52.6,60.1,39.1,58.5,56.6,6,0,3,0,IT,0
6.6,42.8,32.9,38.9,56.5,56.4,64.9,53.4,51.0,75.4,2,1,2,0,EEE,0
8.14,64.1,72.0,58.7,61.7,39.2,47.1,36.1,34.3,63.4,2,1,3,0,EEE,1
6.65,69.6,71.5,62.6,74.8,74.6,67.9,72.6,83.4,60.4,2,1,3,1,IT,1
8.84,62.5,56.2,64.9,66.3,48.3,47.5,42.7,54.6,54.9,3,1,1,0,CIVIL,0
7.81,31.0,34.9,15.0,43.0,34.2,46.8,24.2,31.6,64.5,1,0,2,2,MECH,1
6.76,40.8,36.7,46.4,39.3,59.8,63.2,50.4,65.9,76.9,1,1,1,0,CSE,0
9.14,55.5,51.2,61.9,53.4,74.3,67.5,73.4,81.9,75.3,1,2,3,1,ECE,1
6.65,65.3,73.0,59.4,63.4,57.1,54.4,54.2,62.7,67.3,0,1,1,1,EEE,0
7.87,20.2,21.7,15.0,24.0,83.3,86.2,90.0,73.8,71.0,1,1,1,0,IT,1
7.47,62.4,54.8,71.4,61.1,70.0,65.9,74.9,69.3,81.1,2,1,1,2,MECH,0
8.37,52.8,52.1,51.7,54.5,60.7,53.5,64.6,63.9,59.8,1,0,0,0,ECE,0
8.61,79.5,73.0,77.8,87.6,60.9,53.7,54.3,74.6,45.3,3,1,0,1,ECE,0
7.23,55.4,60.8,41.5,64.0,67.4,77.0,57.0,68.1,81.5,0,2,2,0,CSE,1
6.52,73.8,75.0,67.6,78.7,53.0,61.3,48.4,49.2,54.1,7,1,2,0,IT,1
7.61,72.0,71.1,65.2,79.8,46.6,29.9,51.3,58.6,51.6,2,0,2,0,IT,0
6.59,39.5,41.7,40.9,36.0,80.4,81.2,89.3,70.7,35.1,2,1,2,0,EEE,1
9.01,68.5,78.3,64.6,62.7,46.2,55.0,35.0,48.6,70.6,2,0,3,0,ECE,1
7.32,61.4,63.8,55.9,64.6,36.2,38.1,38.9,31.5,37.7,2,4,0,0,CSE,1
6.87,75.7,78.8,75.7,72.6,43.2,48.1,37.0,44.5,50.7,2,1,1,4,IT,0
7.37,100.0,100.0,100.0,100.0,90.3,86.2,92.3,92.5,70.8,3,0,3,0,IT,0
5.99,33.9,28.6,23.3,49.7,67.3,64.3,65.7,71.8,72.8,2,2,1,0,EEE,1
6.33,89.9,81.4,97.8,90.6,68.7,80.2,68.0,57.9,52.2,5,0,2,0,EEE,1
8.28,65.2,69.6,61.3,64.8,33.5,39.3,24.9,36.2,60.0,3,0,3,0,IT,0
6.61,79.0,76.6,77.8,82.7,71.7,51.9,81.0,82.3,48.9,2,2,1,0,CSE,1
6.26,63.4,68.3,63.8,58.1,56.4,57.4,64.3,47.5,53.8,2,1,6,1,CSE,1
7.68,57.1,67.6,38.9,64.8,56.0,62.9,51.2,53.9,66.0,1,4,2,0,CSE,1
8.27,53.9,50.0,55.8,55.9,39.7,55.4,20.7,42.9,54.5,3,2,4,1,EEE,0
7.85,72.8,72.4,78.1,67.8,57.0,62.9,53.0,55.0,58.3,2,3,1,1,CSE,1
8.1,38.5,42.8,36.6,36.0,47.6,48.6,50.4,43.9,40.0,2,0,2,0,IT,0
6.52,82.3,82.3,72.4,92.2,59.4,57.4,72.8,48.0,79.0,5,0,1,1,ECE,1
5.92,57.2,58.3,57.8,55.4,69.7,73.7,77.9,57.4,69.7,0,1,0,0,CIVIL,0
8.55,42.8,46.1,26.0,56.2,22.0,26.4,15.8,23.8,73.9,2,1,1,0,CIVIL,1
6.91,58.3,63.0,72.1,39.9,78.0,81.2,62.7,90.1,81.4,3,3,1,1,CIVIL,1
6.97,86.5,89.6,75.4,94.4,73.6,73.6,71.1,76.2,49.6,2,2,1,2,EEE,0
8.4,60.6,52.2,61.6,68.0,43.4,45.1,47.6,37.6,56.6,3,0,2,1,EEE,0
7.7,69.9,69.5,69.3,71.0,43.6,47.8,32.9,50.2,33.6,3,3,1,0,EEE,1
7.61,54.5,46.3,64.8,52.5,54.1,45.5,54.9,61.9,100.0,3,1,1,2,MECH,0
9.15,71.4,55.6,78.9,79.6,63.9,59.5,57.6,74.7,59.8,1,0,4,1,CIVIL,0
6.62,82.1,76.2,72.7,97.5,53.3,57.4,46.4,56.1,77.6,0,1,2,0,IT,0
8.04,84.2,95.8,83.7,73.2,70.8,65.4,70.0,77.1,43.4,1,1,1,1,IT,0
7.25,68.0,64.6,68.9,70.4,89.1,100.0,97.7,69.6,76.9,0,3,0,1,IT,0
7.44,61.1,58.8,59.4,65.2,51.4,53.5,59.8,40.8,89.9,3,1,2,0,ECE,1
8.58,67.1,63.6,71.5,66.2,36.2,39.4,36.6,32.5,61.1,3,0,0,2,EEE,0
7.66,73.5,65.4,74.3,80.7,73.5,74.1,69.1,77.3,46.8,2,1,2,1,MECH,1
7.68,60.5,65.9,65.0,50.7,91.5,99.2,95.8,79.5,59.9,1,4,1,1,IT,0
8.17,72.9,66.7,76.7,75.3,69.9,70.7,69.8,69.3,28.6,2,1,0,0,IT,0
6.87,63.5,72.3,67.4,50.9,39.9,41.6,42.8,35.3,61.4,2,0,0,0,CIVIL,0
6.44,70.3,71.7,64.8,74.4,54.9,57.8,51.8,55.1,74.3,0,0,1,1,CSE,0
6.26,53.2,59.1,52.3,48.3,39.5,31.4,36.0,51.2,61.5,1,3,2,0,CSE,1
5.43,65.0,59.5,61.6,73.9,75.9,76.0,71.7,80.0,57.7,4,1,0,0,EEE,1
9.05,65.0,66.2,68.8,60.1,41.7,36.6,61.4,27.1,69.9,2,1,1,0,CSE,1
6.21,62.3,61.3,69.3,56.3,50.7,49.9,57.9,44.3,71.1,3,0,1,1,IT,0
7.0,91.2,87.9,96.5,89.1,43.2,54.0,36.8,38.8,37.1,1,4,0,0,CSE,1
6.95,73.4,74.9,82.0,63.2,55.1,49.7,53.8,61.9,63.3,1,0,4,0,CSE,0
7.48,70.0,62.9,69.4,77.6,48.5,49.5,48.9,47.2,98.5,1,3,2,0,ECE,1
7.93,45.8,40.8,52.3,44.4,77.2,73.3,84.8,73.4,42.0,3,1,0,0,IT,0
7.97,55.0,54.4,53.4,57.2,61.3,63.5,56.4,63.9,60.7,0,1,2,0,IT,0
6.68,67.6,73.9,59.9,69.1,47.4,42.7,52.3,47.3,91.1,2,3,3,0,CSE,1
7.05,78.8,72.8,90.7,72.8,66.0,73.2,66.9,58.0,78.6,1,1,5,0,EEE,1
7.45,89.7,91.2,89.2,88.6,64.5,61.0,61.8,70.8,54.3,2,0,3,2,IT,0
6.98,60.4,65.9,66.4,48.8,31.4,28.0,51.1,15.0,65.1,2,1,2,0,IT,1
8.65,56.6,59.6,49.1,61.2,95.7,94.6,92.4,100.0,62.0,4,1,4,1,CSE,1
7.64,39.4,39.3,52.0,26.9,74.5,84.3,61.7,77.4,50.8,3,1,0,0,IT,0
7.86,68.9,63.5,77.4,65.8,59.3,50.8,74.0,53.1,60.9,4,1,0,0,IT,0
7.8,77.7,68.1,68.4,96.6,90.5,80.9,93.9,96.8,57.8,0,1,0,1,ECE,1
8.26,70.4,60.3,64.6,86.4,91.9,85.9,99.2,90.7,63.7,3,0,1,0,CIVIL,1
7.36,75.8,78.4,74.0,74.9,60.1,56.7,65.4,58.2,50.8,2,2,0,0,MECH,0
6.03,62.7,67.8,50.0,70.2,66.6,60.1,70.5,69.3,42.9,3,2,3,0,ECE,0
7.56,59.7,54.0,73.5,51.7,62.2,48.1,63.4,75.1,61.4,3,0,1,0,CSE,0
6.61,54.1,42.8,55.6,64.0,62.8,59.5,57.9,70.9,87.7,2,1,2,0,ECE,0
6.72,64.9,59.2,61.4,74.0,63.5,64.4,62.4,63.6,63.2,0,0,3,1,CSE,0
7.73,24.9,23.9,32.5,18.3,51.7,52.6,48.6,54.0,57.0,4,2,4,0,EEE,1
8.31,63.3,66.2,49.0,74.8,62.3,62.3,57.4,67.1,73.3,2,2,0,0,IT,1
7.22,41.3,54.1,30.2,39.6,62.1,67.3,57.5,61.4,59.6,6,1,0,0,MECH,1
7.48,79.4,77.9,83.0,77.3,72.6,68.6,76.8,72.3,90.0,1,0,0,1,CIVIL,0
8.73,76.2,71.9,76.1,80.6,28.7,31.5,13.9,40.8,61.9,2,0,1,0,IT,0
7.42,69.1,80.7,65.8,60.9,42.0,53.2,40.0,32.8,72.5,1,0,3,0,IT,0
9.54,92.7,88.7,92.8,96.5,45.0,62.6,20.8,51.5,50.7,2,0,1,0,ECE,1
7.71,53.0,61.9,56.0,41.2,46.3,45.3,46.9,46.7,69.5,4,0,3,1,CSE,0
5.62,89.0,91.8,96.3,79.0,75.1,73.0,73.0,79.4,66.1,5,2,2,0,CIVIL,1
7.88,71.6,68.8,77.1,69.0,40.2,34.9,54.1,31.6,61.2,1,1,2,0,IT,1
7.54,62.3,51.0,66.5,69.3,64.1,80.2,57.9,54.2,54.5,6,0,1,1,CSE,1
8.36,73.5,68.5,77.3,74.7,74.5,71.9,67.9,83.7,52.4,6,0,0,1,EEE,0
7.81,52.2,54.8,65.9,36.0,63.9,71.7,65.6,54.4,66.2,3,2,1,1,CSE,0
7.08,52.5,63.0,47.0,47.4,62.4,55.2,68.0,63.9,71.4,2,1,1,0,CSE,1
6.1,66.9,71.3,73.3,56.2,55.1,47.7,58.0,59.7,60.1,5,0,1,1,ECE,0
7.01,56.0,64.3,57.9,45.8,60.4,57.5,52.3,71.3,66.3,2,1,6,0,ECE,1
6.43,45.8,59.5,39.2,38.7,46.3,47.7,46.2,45.0,61.4,2,1,1,0,ECE,0
6.68,90.2,77.5,93.1,100.0,68.6,68.7,63.1,73.9,63.5,4,2,2,0,ECE,1
7.73,55.8,52.1,62.4,52.8,35.9,26.6,34.2,46.9,59.0,2,1,1,0,CSE,1
8.7,73.4,76.7,76.7,66.7,53.3,45.6,54.6,59.6,62.3,1,0,4,0,IT,0
7.56,60.2,60.4,66.8,53.3,74.2,76.6,80.5,65.6,100.0,4,1,0,0,IT,0
6.12,39.3,40.4,42.2,35.3,76.6,81.3,72.9,75.5,66.7,3,0,1,0,CIVIL,0
7.6,70.3,71.9,64.0,75.0,81.0,94.9,58.3,89.9,71.7,6,0,1,1,CSE,1
8.28,44.8,40.8,46.0,47.7,58.5,58.6,56.0,60.9,68.6,2,1,0,0,CSE,0
6.65,66.4,74.3,64.0,61.0,73.9,86.1,70.7,64.9,58.1,1,0,0,1,CIVIL,0
7.08,47.0,56.2,51.3,33.5,38.7,43.8,39.1,33.3,81.4,1,1,2,0,CIVIL,0
7.21,90.9,97.2,75.6,100.0,80.1,73.1,74.5,92.6,57.6,1,1,1,0,MECH,0
6.49,80.9,84.5,81.3,76.8,67.9,77.5,67.3,58.8,77.8,5,2,3,1,CSE,1
7.78,71.9,70.6,61.4,83.8,37.3,32.7,30.7,48.5,57.0,3,0,4,0,ECE,0
7.09,78.4,79.0,95.9,60.2,61.4,55.3,67.3,61.7,47.6,4,2,2,0,IT,1
7.58,57.5,59.2,58.1,55.1,55.0,70.7,45.0,49.2,67.5,6,0,4,1,MECH,0
6.4,75.9,61.5,74.5,91.8,79.3,89.6,74.2,74.1,45.4,1,0,0,2,CSE,0
6.81,70.7,76.2,71.7,64.3,65.6,60.1,78.6,58.2,70.0,2,2,2,1,CSE,0
7.85,62.1,59.1,60.7,66.4,61.1,65.8,41.5,75.9,44.1,3,0,0,0,IT,1
6.86,88.9,85.1,95.8,85.8,79.4,80.8,80.4,77.0,57.2,3,0,4,1,CSE,0
8.75,76.5,68.5,91.2,69.7,50.2,44.9,33.1,72.7,40.5,2,0,2,0,ECE,1
6.84,70.5,73.5,72.2,65.9,76.3,80.2,71.0,77.6,100.0,1,2,2,0,MECH,0
7.4,44.9,41.6,54.6,38.5,58.0,61.9,62.6,49.6,37.2,3,1,3,0,EEE,1
8.04,43.7,38.8,47.0,45.3,93.6,89.0,95.5,96.3,62.1,2,2,1,0,IT,0
5.92,66.4,66.6,56.9,75.6,49.8,46.0,49.2,54.1,79.1,2,1,0,0,MECH,1
5.62,66.4,61.7,66.6,70.9,55.9,59.2,58.5,49.9,77.5,2,2,0,0,CSE,0
5.83,53.5,56.2,52.7,51.7,88.2,76.1,100.0,88.6,74.8,2,3,3,0,CSE,1
8.34,98.1,98.8,95.6,100.0,53.6,44.7,69.6,46.5,57.2,2,0,2,0,IT,0
6.7,87.8,89.4,90.5,83.6,79.4,77.1,82.0,79.0,82.3,3,2,2,0,CSE,1
9.5,69.1,65.8,75.9,65.7,73.2,76.0,60.7,82.8,75.7,6,1,1,0,CSE,1
6.69,59.8,61.3,58.0,60.0,51.6,46.5,53.3,55.1,65.2,2,0,0,0,IT,0
7.37,62.2,58.4,66.2,62.0,23.5,22.3,19.7,28.4,65.6,4,2,1,0,CIVIL,0
8.59,52.7,58.5,58.6,41.1,59.8,52.6,64.2,62.5,57.4,2,4,0,1,MECH,1
9.01,69.4,79.5,67.5,61.1,57.8,59.1,49.9,64.4,48.4,2,0,1,0,IT,1
9.06,67.8,62.2,77.8,63.4,69.9,65.0,79.1,65.5,80.6,1,0,1,1,CSE,0
8.29,54.3,56.2,37.9,68.9,94.4,87.9,95.4,99.9,81.7,2,0,3,0,CSE,0
8.12,55.9,52.3,73.4,41.9,52.6,60.8,47.3,49.6,48.7,4,0,0,0,IT,1
7.73,55.9,53.3,53.5,61.0,70.3,75.0,64.2,71.6,59.7,2,2,3,0,CSE,1
